A1,A3,A7,A8,A9,A10,A11,A13,A14,A4_1,A4_2,A4_3,A5_1,A5_2,A5_3,A5_4,A5_5,A5_6,A5_7,A5_8,A5_9,A5_10,A5_11,A5_12,A5_13,A5_14,A6_1,A6_2,A6_3,A6_4,A6_5,A6_7,A6_8,A6_9,A12_1,A12_2,A12_3
1,1.347110632737976,-0.19090583089256777,0,0,-0.49388662129815225,1,-0.4883584679922377,0.0373803907979128,0,1,0,0,0,0,1,0,0,0,0,0,0,0,0,0,0,0,0,0,1,0,0,0,0,0,1,0
0,0.4505479491934533,-0.6155358720016211,0,0,-0.49388662129815225,0,-0.1395911646477726,-0.1954133390319889,0,1,0,0,0,0,0,0,0,0,1,0,0,0,0,0,0,0,0,0,1,0,0,0,0,0,1,0
0,-0.6048229226919151,-0.2910826363654782,0,0,-0.49388662129815225,1,0.5579434420411575,-0.1954133390319889,1,0,0,0,0,0,1,0,0,0,0,0,0,0,0,0,0,0,0,0,1,0,0,0,0,0,1,0
0,1.355151553666626,-0.6648766866375322,1,1,1.7697603929850454,1,-1.0696373068996794,-0.1954133390319889,1,0,0,0,0,0,0,1,0,0,0,0,0,0,0,0,0,0,0,1,0,0,0,0,0,0,1,0
1,0.6857448863564782,-0.07876761581095157,1,1,2.387118669607736,0,-0.7208700035552144,-0.16506564157891593,0,1,0,0,0,0,0,0,1,0,0,0,0,0,0,0,0,0,0,0,1,0,0,0,0,0,1,0
0,-0.8390147447388587,-0.21632382631106742,1,1,-0.08231443688302535,0,-0.4883584679922377,-0.1954133390319889,0,1,0,0,0,0,0,0,0,0,1,0,0,0,0,0,0,0,0,0,0,0,0,1,0,0,1,0
1,0.350036437585323,-0.6274972816103268,0,0,-0.49388662129815225,0,-0.7208700035552144,-0.1762059355806769,0,1,0,0,0,1,0,0,0,0,0,0,0,0,0,0,0,0,0,0,1,0,0,0,0,0,1,0
0,-0.06005052977584876,0.2441904436241031,1,1,0.7408299319472283,0,-0.8196874061694795,-0.08785187970464159,0,1,0,0,0,0,0,0,0,0,0,0,0,1,0,0,0,0,0,0,0,0,0,1,0,0,1,0
1,-0.7555901901041105,0.23222903401539735,0,0,-0.49388662129815225,0,-0.046586550422581925,-0.09226958249844336,1,0,0,0,1,0,0,0,0,0,0,0,0,0,0,0,0,0,0,0,0,0,0,1,0,0,1,0
0,0.46662979105075414,1.3536111848315593,1,1,0.12347165532453808,1,-0.4883584679922377,-0.1858096373063329,0,1,0,0,0,0,1,0,0,0,0,0,0,0,0,0,0,0,0,0,0,0,0,1,0,0,1,0
1,-0.6048229226919151,0.6807818943418621,1,1,0.3292577475321015,1,0.40099815553614826,-0.03080589145424488,0,1,0,0,0,0,0,0,0,0,0,0,0,0,0,0,1,0,0,0,0,0,0,1,0,0,1,0
1,0.048501902760932,0.8302995144506837,1,1,0.7408299319472283,1,1.662373235965297,-0.1954133390319889,0,1,0,0,0,0,0,0,0,0,0,0,0,1,0,0,0,0,0,0,0,0,0,1,0,0,1,0
1,-0.7053344343000454,-0.2537032313382728,1,1,0.12347165532453808,1,-0.255846932429261,-0.15507779178423367,1,0,0,0,0,0,0,0,0,0,1,0,0,0,0,0,0,0,0,0,0,0,0,1,0,0,1,0
1,0.048501902760932,1.5778876149947916,1,1,0.7408299319472283,1,-1.0696373068996794,-0.0033393045188686884,0,1,0,0,0,0,0,0,0,0,0,0,0,0,0,0,1,0,0,0,0,0,0,1,0,0,1,0
1,-0.4118408204043049,0.0572934184880761,0,0,-0.49388662129815225,1,0.7904549776041343,-0.1954133390319889,0,1,0,0,0,0,0,0,0,0,1,0,0,0,0,0,0,0,0,0,1,0,0,0,0,0,1,0
1,0.25756584690584305,-0.6529152770288265,0,0,-0.49388662129815225,0,-1.0696373068996794,0.3212658138083045,0,1,0,0,0,0,1,0,0,0,0,0,0,0,0,0,0,0,0,0,1,0,0,0,0,0,1,0
1,-0.052009608847198324,1.5778876149947916,1,1,-0.08231443688302535,1,0.8485828614948784,-0.1954133390319889,0,1,0,0,0,0,0,0,0,0,0,1,0,0,0,0,0,0,0,0,1,0,0,0,0,0,1,0
0,0.8525939956259746,-0.44060025647429985,1,1,-0.08231443688302535,0,-0.5581119286611307,-0.08189758463473486,0,1,0,0,0,0,0,0,1,0,0,0,0,0,0,0,0,0,0,0,1,0,0,0,0,0,1,0
1,-0.7053344343000454,-0.6274972816103268,0,0,-0.49388662129815225,0,-0.255846932429261,-0.19464504289393644,1,0,0,0,0,0,1,0,0,0,0,0,0,0,0,0,0,0,0,0,1,0,0,0,0,0,1,0
0,0.18218221319974534,0.10812940932507542,1,1,0.9466160241547917,0,-0.3197876047090796,0.4301717913772437,0,1,0,0,0,0,0,0,0,0,0,0,0,1,0,0,0,0,0,0,1,0,0,0,0,0,1,0
0,-0.8390147447388587,-0.6529152770288265,0,0,-0.49388662129815225,0,0.4416876742596692,-0.002571008380816207,0,1,0,0,0,0,0,0,1,0,0,0,0,0,0,0,0,0,0,0,1,0,0,0,0,0,1,0
0,-0.8390147447388587,-0.48994107111021096,1,0,-0.49388662129815225,1,-0.1395911646477726,-0.1954133390319889,1,0,0,0,0,0,0,0,1,0,0,0,0,0,0,0,0,0,0,0,1,0,0,0,0,0,1,0
1,-0.6882474773266632,-0.6155358720016211,0,0,-0.49388662129815225,0,-0.09308885753517726,-0.1954133390319889,0,1,0,0,1,0,0,0,0,0,0,0,0,0,0,0,0,0,0,0,1,0,0,0,0,0,1,0
1,-0.6048229226919151,-0.6020792861918272,1,0,-0.49388662129815225,0,-0.1395911646477726,-0.1954133390319889,0,1,0,0,0,0,1,0,0,0,0,0,0,0,0,0,0,0,0,0,1,0,0,0,0,0,1,0
1,0.9701924642074873,-0.42863884686559406,0,0,-0.49388662129815225,0,-0.6046142357737261,-0.12818742695239685,0,1,0,0,0,0,0,0,1,0,0,0,0,0,0,0,0,0,0,0,1,0,0,0,0,0,1,0
1,-0.6550786784959802,0.9798171345595054,1,1,0.12347165532453808,1,-1.0696373068996794,-0.1954133390319889,0,1,0,0,0,0,0,0,0,0,0,0,0,0,0,1,0,0,0,0,0,0,0,1,0,0,1,0
1,-0.9314853354183387,-0.6274972816103268,0,0,-0.49388662129815225,0,0.09292037091520411,-0.1819681566160705,1,0,0,0,0,0,1,0,0,0,0,0,0,0,0,0,0,0,0,0,1,0,0,0,0,0,1,0
1,-0.3455032227429389,-0.05484479659354009,1,1,-0.2881005290905888,1,-0.023335396866284254,3.2671052811360295,1,0,0,0,0,0,0,0,0,0,1,0,0,0,0,0,0,0,0,0,0,0,0,1,0,0,1,0
0,1.4556630652747564,-0.06680620620224584,1,1,-0.2881005290905888,0,0.20917613869669247,-0.19176393237623962,0,1,0,0,0,0,0,0,0,0,1,0,0,0,0,0,0,0,0,0,1,0,0,0,0,0,1,0
1,-0.45405565527971964,-0.3404234510013894,1,1,1.7697603929850454,1,-0.7208700035552144,0.22407635234466566,0,1,0,0,0,0,0,0,0,0,1,0,0,0,0,0,0,0,0,0,1,0,0,0,0,0,1,0
1,-0.8058459459081757,0.6060230842874513,1,1,0.12347165532453808,1,0.7439526704915389,-0.16660223385502088,0,1,0,0,0,0,0,0,0,0,1,0,0,0,0,0,0,0,0,0,0,0,0,1,0,0,1,0
0,1.1541285304503655,-0.6648766866375322,0,0,-0.49388662129815225,1,-0.17446789498221912,-0.18926696992756906,1,0,0,0,0,0,0,0,0,0,0,0,0,0,0,0,1,0,0,0,0,0,0,1,0,0,1,0
1,-0.6802065563980129,2.1639966858213726,1,0,-0.49388662129815225,1,0.09292037091520411,-0.1762059355806769,1,0,0,0,0,0,0,0,0,0,1,0,0,0,0,0,0,0,0,0,0,0,0,1,0,0,1,0
1,1.355151553666626,-0.029426801175040436,1,1,1.7697603929850454,1,0.6160713259319017,-0.14086431323026277,0,1,0,0,0,0,0,0,0,0,0,1,0,0,0,0,0,0,0,0,0,0,0,1,0,0,1,0
1,-0.7053344343000454,3.484237271382267,0,1,-0.2881005290905888,1,0.9764642060545157,-0.17390104716651944,0,1,0,0,0,0,0,0,0,1,0,0,0,0,0,0,0,0,0,0,1,0,0,0,0,0,1,0
1,2.862824227788581,-0.6529152770288265,0,1,-0.08231443688302535,0,-1.0696373068996794,-0.12799535291788372,1,0,0,1,0,0,0,0,0,0,0,0,0,0,0,0,0,1,0,0,0,0,0,0,0,0,1,0
1,1.5561745768828867,0.23222903401539735,1,0,-0.49388662129815225,1,-0.9533815391181911,-0.1954133390319889,0,1,0,0,0,0,0,0,1,0,0,0,0,0,0,0,0,0,0,0,1,0,0,0,0,1,0,0
1,1.8406221547338957,1.9143022602396402,1,1,0.7408299319472283,1,-0.6627421196644703,-0.1954133390319889,0,1,0,0,0,0,0,0,0,0,0,1,0,0,0,0,0,0,0,0,1,0,0,0,0,0,1,0
0,0.651570972409714,1.6900258300764077,1,1,0.7408299319472283,1,-1.0696373068996794,0.04659994445454257,0,1,0,0,0,0,0,0,0,0,1,0,0,0,0,0,0,0,0,0,1,0,0,0,0,0,1,0
0,-0.3535441436715893,3.484237271382267,1,1,-0.08231443688302535,1,1.9471998670299435,0.13188081577836794,0,1,0,0,0,0,0,0,0,0,0,0,0,0,0,0,1,0,0,0,1,0,0,0,0,0,1,0
1,-0.9566132133203712,-0.6394586912190325,1,0,-0.49388662129815225,0,-1.0696373068996794,-0.1954133390319889,0,1,0,0,0,0,0,0,0,0,0,0,0,0,0,1,0,0,0,0,1,0,0,0,0,0,1,0
1,-0.6550786784959802,-0.5033976569200049,0,0,-0.49388662129815225,1,-0.3721027002107493,-0.18254437871960985,1,0,0,0,0,0,0,0,1,0,0,0,0,0,0,0,0,0,0,0,1,0,0,0,0,0,1,0
1,-0.730462312202078,-0.2910826363654782,1,0,-0.49388662129815225,0,-1.0696373068996794,0.8221948958185221,0,1,0,0,0,0,0,0,0,0,0,0,0,0,0,0,1,0,0,0,0,0,0,1,0,0,1,0
1,-0.8480607807835905,-0.48994107111021096,1,1,0.12347165532453808,1,-0.023335396866284254,-0.1954133390319889,0,1,0,0,0,0,0,0,0,0,1,0,0,0,0,0,0,0,0,0,1,0,0,0,0,0,1,0
1,-0.873188658685623,-0.6529152770288265,0,1,-0.08231443688302535,0,-0.325600393098154,-0.19426089482491019,1,0,0,0,0,0,0,0,0,0,1,0,0,0,0,0,0,0,0,0,1,0,0,0,0,0,1,0
0,1.1038727746463004,-0.4525616660830056,1,1,-0.08231443688302535,1,-0.784810675835033,-0.1954133390319889,0,1,0,0,0,0,0,0,0,0,0,0,0,1,0,0,0,0,0,0,1,0,0,0,0,0,1,0
0,-0.6048229226919151,-0.6155358720016211,0,0,-0.49388662129815225,0,-0.30234923954185633,-0.1954133390319889,1,0,0,0,0,0,0,0,0,0,1,0,0,0,0,0,0,0,0,0,1,0,0,0,0,0,1,0
1,-0.9485722923917208,-0.6529152770288265,0,0,-0.49388662129815225,0,-1.0696373068996794,-0.1954133390319889,0,1,0,0,0,0,0,0,0,0,1,0,0,0,0,0,0,0,0,0,1,0,0,0,0,0,1,0
0,-0.5545671668878499,-0.06680620620224584,0,0,-0.49388662129815225,0,0.4184365207033715,-0.19214808044526588,1,0,0,0,0,0,0,0,0,0,0,0,1,0,0,0,0,0,0,0,0,0,0,1,0,0,1,0
0,2.0587321349235386,0.9798171345595054,1,1,2.387118669607736,0,-1.0696373068996794,0.2271495368968756,0,1,0,0,0,0,0,0,0,0,1,0,0,0,0,0,0,0,0,0,1,0,0,0,0,0,1,0
1,-0.253032632063459,-0.5153590665287107,0,0,-0.49388662129815225,1,0.2789295993655855,-0.1954133390319889,0,1,0,0,0,0,1,0,0,0,0,0,0,0,0,0,0,0,0,0,1,0,0,0,0,0,1,0
1,-0.12739324255329607,-0.6529152770288265,0,0,-0.49388662129815225,0,-0.255846932429261,-0.1762059355806769,1,0,0,0,0,1,0,0,0,0,0,0,0,0,0,0,0,0,0,0,0,0,0,1,0,0,1,0
1,-0.9314853354183387,-0.6394586912190325,0,0,-0.49388662129815225,0,0.1859249851403948,0.20794213344556356,1,0,0,0,0,0,1,0,0,0,0,0,0,0,0,0,0,0,0,0,1,0,0,0,0,0,1,0
1,-0.6048229226919151,0.03337059927066462,0,0,-0.49388662129815225,1,-0.41860500732334466,-0.19426089482491019,1,0,0,0,0,0,0,0,0,0,1,0,0,0,0,0,0,0,0,0,1,0,0,0,0,0,1,0
1,-0.30328838786752416,0.8557175098691834,0,1,-0.08231443688302535,1,1.0752816086687806,-0.1952212649974758,1,0,0,0,0,0,0,0,0,0,0,0,0,1,0,0,0,0,0,0,0,0,0,1,0,0,1,0
1,-0.6550786784959802,-0.06680620620224584,1,1,1.7697603929850454,1,1.453112853958618,-0.1886907478240297,0,1,0,0,0,0,0,0,0,0,0,1,0,0,0,0,0,0,0,0,1,0,0,0,0,0,1,0
1,0.350036437585323,0.38174665412421893,1,1,-0.2881005290905888,0,-1.0696373068996794,-0.09937632177542881,0,1,0,0,0,0,0,0,1,0,0,0,0,0,0,0,0,0,0,0,0,1,0,0,0,0,1,0
0,-0.45405565527971964,-0.6020792861918272,0,0,-0.49388662129815225,0,0.4416876742596692,-0.14816312654176134,0,1,0,0,0,1,0,0,0,0,0,0,0,0,0,0,0,0,0,0,0,0,0,1,0,0,1,0
1,0.03141494578754985,0.2815698486513085,1,0,-0.49388662129815225,1,-0.7673723106678098,0.08155741873593045,1,0,0,0,0,0,0,0,0,0,0,1,0,0,0,0,0,0,0,0,1,0,0,0,0,0,1,0
1,1.5059188210788217,-0.2910826363654782,1,1,0.3292577475321015,1,0.09292037091520411,-0.1954133390319889,0,1,0,0,0,0,0,0,0,1,0,0,0,0,0,0,0,0,0,0,1,0,0,0,0,0,1,0
1,0.048501902760932,0.007952603852164964,0,0,-0.49388662129815225,1,-0.25003414404018653,-0.1954133390319889,0,1,0,0,0,1,0,0,0,0,0,0,0,0,0,0,0,0,0,0,0,1,0,0,0,0,1,0
0,-0.8138868668368262,-0.5901178765831214,0,1,-0.2881005290905888,1,0.3254319064781808,-0.19464504289393644,0,1,0,0,0,0,0,0,0,0,0,1,0,0,0,0,0,0,0,0,1,0,0,0,0,0,1,0
1,-0.5545671668878499,-0.21632382631106742,1,1,-0.08231443688302535,0,-0.3721027002107493,-0.13779112867805285,0,1,0,0,0,1,0,0,0,0,0,0,0,0,0,0,0,0,0,0,1,0,0,0,0,0,1,0
0,-0.253032632063459,-0.5153590665287107,0,0,-0.49388662129815225,0,5.673197224426645,-0.1954133390319889,0,1,0,0,0,1,0,0,0,0,0,0,0,0,0,0,0,0,0,0,0,1,0,0,0,1,0,0
0,-0.8561017017122409,-0.21632382631106742,1,0,-0.49388662129815225,0,0.5579434420411575,-0.03714433459317785,0,1,0,0,0,0,0,0,0,0,0,0,0,1,0,0,0,0,0,0,0,0,0,1,0,0,1,0
1,1.0114021839668204,1.7154438254949078,1,1,1.1524021163623552,0,-1.0696373068996794,-0.1954133390319889,0,1,0,0,0,0,0,0,0,0,0,0,0,0,0,0,1,0,0,0,0,0,0,1,0,0,1,0
0,-0.9234444144896883,-0.6529152770288265,0,0,-0.49388662129815225,1,1.1392222809485992,-0.1954133390319889,0,1,0,0,0,0,0,0,0,0,0,0,0,1,0,0,0,0,0,0,1,0,0,0,0,0,1,0
1,1.355151553666626,-0.5153590665287107,1,0,-0.49388662129815225,1,-0.4883584679922377,-0.18235230468509675,0,1,0,0,0,1,0,0,0,0,0,0,0,0,0,0,0,0,0,0,1,0,0,0,0,0,1,0
1,-0.38671294250227234,-0.6648766866375322,0,1,0.535043839739665,0,-0.046586550422581925,-0.16737052999307336,0,1,0,1,0,0,0,0,0,0,0,0,0,0,0,0,0,1,0,0,0,0,0,0,0,0,1,0
1,-0.6379917215225981,-0.11614702083815696,1,1,1.975546485192609,1,2.319218323930706,-0.058464552424134196,0,1,0,0,0,0,0,0,0,0,0,0,0,0,0,1,0,0,0,0,0,0,0,1,0,0,1,0
1,4.337328103079853,-0.6648766866375322,1,0,-0.49388662129815225,1,-1.0696373068996794,-0.1954133390319889,1,0,0,1,0,0,0,0,0,0,0,0,0,0,0,0,0,1,0,0,0,0,0,0,0,0,1,0
0,-0.6802065563980129,-0.6529152770288265,0,1,0.12347165532453808,0,-1.0696373068996794,-0.18907489589305596,0,1,0,0,0,0,0,0,0,0,0,1,0,0,0,0,0,0,0,0,0,0,0,1,0,0,1,0
1,-0.7053344343000454,-0.14156501625665663,0,0,-0.49388662129815225,0,0.09292037091520411,-0.1954133390319889,0,1,0,0,0,0,0,0,0,0,0,1,0,0,0,0,0,0,0,0,1,0,0,0,0,0,1,0
1,0.05654282368958243,-0.21632382631106742,1,1,1.1524021163623552,1,-0.2325957788729633,-0.19406882079039708,1,0,0,0,0,0,0,0,0,0,1,0,0,0,0,0,0,0,0,0,0,1,0,0,0,0,1,0
1,3.365381785829233,5.3158281177153315,1,1,1.7697603929850454,0,-1.0696373068996794,0.035075502383755355,0,1,0,0,0,0,0,0,0,0,0,0,1,0,0,0,0,0,0,0,0,0,0,0,1,0,1,0
1,-0.10226536465126349,0.38174665412421893,0,0,-0.49388662129815225,0,1.5693686217401062,-0.1858096373063329,0,1,0,0,0,0,0,0,0,0,0,0,0,1,0,0,0,0,0,0,1,0,0,0,0,0,1,0
1,-0.8892705005429239,0.38174665412421893,0,0,-0.49388662129815225,1,0.9067107453856226,-0.1954133390319889,0,1,0,0,0,0,1,0,0,0,0,0,0,0,0,0,0,0,0,0,0,0,0,1,0,0,1,0
1,-0.253032632063459,-0.6155358720016211,0,0,-0.49388662129815225,0,0.1859249851403948,-0.1954133390319889,0,1,0,0,0,0,0,0,0,0,1,0,0,0,0,0,0,0,0,0,1,0,0,0,0,0,1,0
1,-0.9566132133203712,-0.365841446419889,0,1,1.7697603929850454,0,-1.0696373068996794,-0.1954133390319889,0,1,0,0,0,0,1,0,0,0,0,0,0,0,0,0,0,0,0,0,1,0,0,0,0,1,0,0
0,-0.6631195994246307,-0.3404234510013894,1,1,2.7986908540228628,0,-0.3721027002107493,0.20390857872078805,0,1,0,0,0,0,0,0,0,0,0,1,0,0,0,0,0,0,0,0,1,0,0,0,0,0,1,0
1,-0.253032632063459,-0.4779796615015052,1,1,0.9466160241547917,0,-1.0696373068996794,1.1604372705961268,0,1,0,0,0,0,0,0,0,0,0,0,0,0,0,1,0,0,0,0,1,0,0,0,0,0,1,0
0,-0.2027768762593938,-0.6648766866375322,0,1,0.7408299319472283,0,-1.0696373068996794,-0.15699853212936488,0,1,0,1,0,0,0,0,0,0,0,0,0,0,0,0,0,1,0,0,0,0,0,0,0,0,1,0
0,1.0536170188422351,-0.5407770619472103,0,0,-0.49388662129815225,0,-0.6046142357737261,-0.18734622958243788,0,1,0,0,1,0,0,0,0,0,0,0,0,0,0,0,0,0,0,0,1,0,0,0,0,0,1,0
1,0.048501902760932,-0.6020792861918272,0,0,-0.49388662129815225,0,2.1273963070912503,-0.1954133390319889,0,1,0,0,0,1,0,0,0,0,0,0,0,0,0,0,0,0,0,0,0,1,0,0,0,0,1,0
1,-0.7555901901041105,-0.5153590665287107,0,0,-0.49388662129815225,1,0.5579434420411575,-0.1954133390319889,0,1,0,0,0,0,0,0,0,0,1,0,0,0,0,0,0,0,0,0,1,0,0,0,0,1,0,0
1,-0.9566132133203712,-0.6648766866375322,0,0,-0.49388662129815225,0,-8.424330998658097e-05,-0.1954133390319889,0,1,0,0,0,0,0,0,0,0,1,0,0,0,0,0,0,0,0,0,1,0,0,0,0,0,0,1
0,1.7903663989298304,-0.21632382631106742,0,0,-0.49388662129815225,0,0.5579434420411575,-0.1952212649974758,0,1,0,0,0,0,0,0,0,0,0,0,0,1,0,0,0,0,0,0,0,0,0,1,0,0,1,0
0,1.6566860884910173,0.8796403290865948,1,1,1.3581882085699186,1,-1.0696373068996794,-0.1954133390319889,0,1,0,0,0,1,0,0,0,0,0,0,0,0,0,0,0,0,0,0,0,1,0,0,0,0,1,0
1,0.09875765856499716,-0.6394586912190325,0,0,-0.49388662129815225,1,0.6160713259319017,-0.19426089482491019,0,1,0,0,0,0,0,0,0,0,0,1,0,0,0,0,0,0,0,0,1,0,0,0,0,0,1,0
1,-0.8390147447388587,-0.6648766866375322,0,0,-0.49388662129815225,0,-0.4883584679922377,-0.1954133390319889,1,0,0,1,0,0,0,0,0,0,0,0,0,0,0,0,0,1,0,0,0,0,0,0,0,0,1,0
1,-0.697293513371395,-0.5901178765831214,0,0,-0.49388662129815225,1,-0.255846932429261,-0.1954133390319889,0,1,0,0,0,0,1,0,0,0,0,0,0,0,0,0,0,0,0,0,0,0,0,1,0,1,0,0
1,-0.1354341634819465,-0.6529152770288265,0,0,-0.49388662129815225,0,-0.44185616087964236,-0.1762059355806769,0,1,0,0,0,0,0,0,1,0,0,0,0,0,0,0,0,0,0,0,1,0,0,0,0,0,1,0
1,1.9582206233154082,-0.6274972816103268,0,0,-0.49388662129815225,0,-1.0696373068996794,-0.14048016516123654,0,1,0,0,1,0,0,0,0,0,0,0,0,0,0,0,0,0,0,0,1,0,0,0,0,0,1,0
1,0.048501902760932,0.08271141390657576,1,1,0.7408299319472283,0,-1.0696373068996794,-0.1249221683656738,0,1,0,0,0,0,0,0,0,0,1,0,0,0,0,0,0,0,0,0,0,1,0,0,0,0,1,0
0,1.0536170188422351,-0.6155358720016211,0,0,-0.49388662129815225,0,0.9067107453856226,-0.1954133390319889,1,0,0,0,0,0,0,0,0,0,0,0,0,1,0,0,0,0,0,0,0,0,0,1,0,0,1,0
1,-0.6550786784959802,-0.21632382631106742,0,0,-0.49388662129815225,0,-0.1977190485385168,-0.19387674675588396,0,1,0,0,0,0,0,0,0,0,0,1,0,0,0,0,0,0,0,0,1,0,0,0,0,0,1,0
0,-0.6219098796652972,-0.5901178765831214,0,0,-0.49388662129815225,0,-1.0696373068996794,-0.12050446557187203,0,1,0,0,0,0,0,0,1,0,0,0,0,0,0,0,0,0,0,0,1,0,0,0,0,0,1,0
1,-0.9485722923917208,-0.6529152770288265,0,0,-0.49388662129815225,0,-1.0696373068996794,-0.1954133390319889,1,0,0,0,0,0,0,0,0,1,0,0,0,0,0,0,0,0,0,0,1,0,0,0,0,0,1,0
0,0.9531055072341049,-0.14156501625665663,0,1,1.563974300777482,1,-1.0696373068996794,-0.19349259868685773,0,1,0,0,0,0,0,0,1,0,0,0,0,0,0,0,0,0,0,0,1,0,0,0,0,0,1,0
0,-0.7887589889347936,-0.19090583089256777,1,1,-0.2881005290905888,0,-1.0696373068996794,-0.1954133390319889,0,1,0,0,0,0,0,0,0,0,0,0,0,1,0,0,0,0,0,0,1,0,0,0,0,0,1,0
0,-0.15252112045532865,0.23222903401539735,0,0,-0.49388662129815225,0,1.7205011198560412,-0.1954133390319889,0,1,0,0,0,0,0,0,0,0,1,0,0,0,0,0,0,0,0,0,1,0,0,0,0,0,1,0
1,-0.9143983784449565,-0.6394586912190325,1,0,-0.49388662129815225,1,0.5579434420411575,-0.1954133390319889,0,1,0,0,0,0,1,0,0,0,0,0,0,0,0,0,0,0,0,0,1,0,0,0,0,0,1,0
1,1.8074533559032129,1.0545759446139162,1,0,-0.49388662129815225,1,1.761190638579562,-0.09937632177542881,0,1,0,0,0,0,0,0,0,0,0,1,0,0,0,0,0,0,0,0,1,0,0,0,0,0,1,0
1,-0.8390147447388587,-0.5901178765831214,1,1,-0.08231443688302535,0,0.4416876742596692,-0.09937632177542881,1,0,0,0,0,0,0,0,0,0,0,0,0,0,0,1,0,0,0,0,1,0,0,0,0,0,1,0
1,-0.9566132133203712,-0.6648766866375322,0,1,0.3292577475321015,0,-0.8080618293913306,-0.1952212649974758,1,0,0,1,0,0,0,0,0,0,0,0,0,0,0,0,0,1,0,0,0,0,0,0,0,0,1,0
0,-0.7807180680061432,-0.3538800368111833,1,0,-0.49388662129815225,1,-0.1395911646477726,0.9301405032148956,0,1,0,0,0,0,0,0,0,0,0,0,0,0,0,0,1,0,0,0,0,0,0,1,0,0,1,0
1,-0.5545671668878499,-0.365841446419889,1,1,0.3292577475321015,0,-0.255846932429261,1.2535931773349902,0,1,0,0,0,0,0,0,0,0,0,0,0,0,0,0,1,0,0,0,0,0,0,1,0,0,1,0
1,0.8525939956259746,-0.6394586912190325,0,0,-0.49388662129815225,0,-1.0696373068996794,-0.1954133390319889,0,1,0,0,0,0,0,0,1,0,0,0,0,0,0,0,0,0,0,0,1,0,0,0,0,0,1,0
0,1.77428455707253,1.8769228552124348,1,0,-0.49388662129815225,1,-1.0696373068996794,-0.1954133390319889,0,1,0,0,0,0,1,0,0,0,0,0,0,0,0,0,0,0,0,0,0,0,0,1,0,0,1,0
1,-0.45405565527971964,-0.2910826363654782,0,0,-0.49388662129815225,1,0.5579434420411575,-0.1954133390319889,0,1,0,0,0,0,0,0,0,0,1,0,0,0,0,0,0,0,0,0,1,0,0,0,0,0,1,0
1,1.0787448967442679,-0.6274972816103268,0,0,-0.49388662129815225,0,-0.1395911646477726,-0.1954133390319889,1,0,0,0,0,0,1,0,0,0,0,0,0,0,0,0,0,0,0,0,1,0,0,0,0,0,1,0
1,0.350036437585323,-0.365841446419889,0,0,-0.49388662129815225,1,-1.0696373068996794,-0.15162045916299752,0,1,0,0,0,0,0,0,0,0,1,0,0,0,0,0,0,0,0,0,1,0,0,0,0,0,1,0
1,-0.15252112045532865,1.0545759446139162,1,1,-0.08231443688302535,1,-0.6336781777190982,-0.1954133390319889,1,0,0,0,0,1,0,0,0,0,0,0,0,0,0,0,0,0,0,0,0,0,0,1,0,0,1,0
0,-0.7726771470774927,-0.44060025647429985,1,1,0.3292577475321015,0,-1.0696373068996794,0.1086398576022804,0,1,0,0,0,0,0,0,1,0,0,0,0,0,0,0,0,0,0,0,1,0,0,0,0,0,1,0
1,-0.906357457516306,0.5312642742330406,0,0,-0.49388662129815225,1,1.371733816511576,-0.1954133390319889,0,1,0,0,0,1,0,0,0,0,0,0,0,0,0,0,0,0,0,0,0,1,0,0,0,1,0,0
1,-0.9405313714630704,-0.6529152770288265,1,1,-0.2881005290905888,1,0.5579434420411575,0.18873472999425153,1,0,0,0,0,0,0,0,0,1,0,0,0,0,0,0,0,0,0,0,0,1,0,0,0,0,1,0
0,1.1209597316196827,-0.5646998811646218,1,1,-0.2881005290905888,1,-0.6046142357737261,-0.1858096373063329,0,1,0,0,0,0,0,0,0,0,0,0,0,0,0,1,0,0,0,0,0,0,0,1,0,0,1,0
1,-0.7555901901041105,-0.44060025647429985,1,1,0.9466160241547917,1,0.9067107453856226,0.5865200554709236,0,1,0,0,0,0,0,0,0,0,0,0,0,0,0,0,1,0,0,0,1,0,0,0,0,0,1,0
1,1.2546400420584958,0.08271141390657576,1,1,0.9466160241547917,1,-0.4883584679922377,-0.04002544511087465,0,1,0,0,0,0,0,0,0,0,0,0,0,1,0,0,0,0,0,0,1,0,0,0,0,0,1,0
1,0.7520824840178443,3.0730638160830077,1,1,1.3581882085699186,0,-0.017522608477209836,0.12246918808722507,0,1,0,0,0,0,0,0,0,0,1,0,0,0,0,0,0,0,0,0,0,0,0,1,0,0,1,0
1,0.048501902760932,0.8302995144506837,1,1,0.9466160241547917,0,-1.0696373068996794,0.39329357675072457,0,1,0,0,0,0,0,0,0,0,1,0,0,0,0,0,0,0,0,0,1,0,0,0,0,0,1,0
1,-0.7887589889347936,-0.06680620620224584,0,0,-0.49388662129815225,1,0.3254319064781808,-0.1954133390319889,1,0,0,0,0,0,0,0,0,0,1,0,0,0,0,0,0,0,0,0,1,0,0,0,0,1,0,0
0,-0.6550786784959802,-0.6648766866375322,0,0,-0.49388662129815225,0,-0.6278653893300237,-0.1954133390319889,0,1,0,1,0,0,0,0,0,0,0,0,0,0,0,0,0,1,0,0,0,0,0,0,0,0,1,0
0,2.9633357393967117,0.9798171345595054,1,1,0.9466160241547917,0,-1.0696373068996794,0.3808087645073718,0,1,0,0,0,0,0,0,0,0,1,0,0,0,0,0,0,0,0,0,1,0,0,0,0,0,1,0
0,-0.2027768762593938,-0.4779796615015052,1,1,1.3581882085699186,1,-0.017522608477209836,-0.1954133390319889,0,1,0,0,0,0,0,0,0,0,0,0,0,0,0,1,0,0,0,0,0,0,0,1,0,0,1,0
1,-0.7978050249795253,-0.5781564669744157,0,1,-0.2881005290905888,0,1.371733816511576,-0.1410563872647759,0,1,0,0,0,0,0,0,0,0,0,1,0,0,0,0,0,0,0,0,1,0,0,0,0,0,1,0
0,1.0536170188422351,0.5312642742330406,1,1,2.387118669607736,0,-1.0696373068996794,0.1122892642580297,0,1,0,0,0,0,0,0,0,0,0,0,0,1,0,0,0,0,0,0,1,0,0,0,0,0,1,0
1,-0.8812295796142735,-0.5781564669744157,0,0,-0.49388662129815225,0,0.20917613869669247,-0.16852297420015208,0,1,0,0,0,0,0,0,0,0,1,0,0,0,0,0,0,0,0,0,1,0,0,0,0,0,1,0
0,-0.15252112045532865,-0.6648766866375322,1,0,-0.49388662129815225,0,-0.4883584679922377,-0.011022265899393497,0,1,0,0,0,0,0,1,0,0,0,0,0,0,0,0,0,0,0,1,0,0,0,0,0,0,1,0
1,-0.3535441436715893,-0.3404234510013894,1,1,1.1524021163623552,1,-0.1395911646477726,-0.1952212649974758,1,0,0,0,1,0,0,0,0,0,0,0,0,0,0,0,0,0,0,0,1,0,0,0,0,0,1,0
0,1.5561745768828867,-0.21632382631106742,1,1,1.975546485192609,1,-0.3721027002107493,-0.08650736146304974,0,1,0,0,0,0,0,0,1,0,0,0,0,0,0,0,0,0,0,0,1,0,0,0,0,0,1,0
0,-0.8561017017122409,-0.365841446419889,0,0,-0.49388662129815225,0,0.4416876742596692,-0.1954133390319889,1,0,0,0,0,0,0,0,0,0,0,0,1,0,0,0,0,0,1,0,0,0,0,0,0,0,1,0
1,1.7571976000991476,-0.6648766866375322,0,0,-0.49388662129815225,0,-8.424330998658097e-05,-0.1954133390319889,1,0,0,1,0,0,0,0,0,0,0,0,0,0,0,0,0,1,0,0,0,0,0,0,0,0,1,0
0,-0.4118408204043049,-0.6394586912190325,0,0,-0.49388662129815225,0,-0.6046142357737261,-0.1954133390319889,1,0,0,0,0,0,0,0,0,0,1,0,0,0,0,0,0,0,0,0,1,0,0,0,0,1,0,0
1,-0.7887589889347936,-0.6648766866375322,1,0,-0.49388662129815225,0,-0.3139748163200051,-0.1952212649974758,0,1,0,1,0,0,0,0,0,0,0,0,0,0,0,0,0,1,0,0,0,0,0,0,0,0,1,0
0,-0.06909656582058048,-0.6274972816103268,0,0,-0.49388662129815225,0,-0.1395911646477726,-0.1954133390319889,0,1,0,0,0,0,0,0,0,0,1,0,0,0,0,0,0,0,0,0,1,0,0,0,0,0,1,0
1,-0.8390147447388587,-0.6648766866375322,0,1,0.12347165532453808,0,0.9648386292763668,-0.04770840649139946,0,1,0,1,0,0,0,0,0,0,0,0,0,0,0,0,0,1,0,0,0,0,0,0,0,0,1,0
1,0.9531055072341049,1.2788523747771483,1,1,2.387118669607736,0,0.3254319064781808,0.689471737969956,0,1,0,0,0,0,0,0,0,1,0,0,0,0,0,0,0,0,0,0,1,0,0,0,0,0,1,0
1,-0.8561017017122409,-0.22828523591977318,1,1,0.535043839739665,1,0.7439526704915389,-0.1954133390319889,0,1,0,0,0,0,0,0,0,0,1,0,0,0,0,0,0,0,0,0,1,0,0,0,0,0,1,0
0,-0.3535441436715893,0.04533200887937036,1,1,1.1524021163623552,1,1.23222689517379,0.6034225705080781,0,1,0,0,0,0,0,0,0,0,1,0,0,0,0,0,0,0,0,0,1,0,0,0,0,0,1,0
1,1.0536170188422351,-0.41518226105580014,1,0,-0.49388662129815225,1,-0.255846932429261,-0.1954133390319889,1,0,0,0,0,0,1,0,0,0,0,0,0,0,0,0,0,0,0,0,0,0,0,1,0,0,1,0
0,-0.7053344343000454,0.30698784406980817,0,0,-0.49388662129815225,0,0.5579434420411575,-0.1954133390319889,1,0,0,1,0,0,0,0,0,0,0,0,0,0,0,0,0,1,0,0,0,0,0,0,0,0,1,0
1,-0.24499171113480855,-0.6648766866375322,0,0,-0.49388662129815225,1,-0.023335396866284254,-0.1952212649974758,1,0,0,1,0,0,0,0,0,0,0,0,0,0,0,0,0,1,0,0,0,0,0,0,0,0,1,0
1,3.063847251004842,4.568240017171224,1,1,1.3581882085699186,1,-1.0696373068996794,-0.0033393045188686884,0,1,0,0,0,0,0,0,0,0,0,0,0,0,0,0,1,0,0,0,0,0,0,1,0,0,1,0
0,-0.7053344343000454,-0.5901178765831214,0,1,-0.2881005290905888,0,-0.44185616087964236,-0.17659008364970313,0,1,0,0,0,0,0,0,0,0,0,0,0,1,0,0,0,0,0,0,1,0,0,0,0,0,1,0
0,2.0587321349235386,-0.6648766866375322,1,1,2.387118669607736,0,-1.0696373068996794,0.453028601484305,0,1,0,0,0,0,0,0,0,0,0,0,1,0,0,0,0,0,0,0,0,0,0,0,1,0,1,0
1,3.5241899741700786,3.1478226261374185,1,1,-0.2881005290905888,1,-1.0696373068996794,-0.1744772692700588,0,1,0,0,0,0,0,0,0,0,0,0,1,0,0,0,0,0,0,0,0,0,0,0,1,0,1,0
0,-0.3786720215736219,-0.6394586912190325,0,0,-0.49388662129815225,0,-0.3721027002107493,-0.1954133390319889,0,1,0,0,0,0,0,0,0,0,0,0,0,1,0,0,0,0,0,0,1,0,0,0,0,0,1,0
1,-0.15252112045532865,3.0730638160830077,1,0,-0.49388662129815225,1,-8.424330998658097e-05,-0.1954133390319889,0,1,0,0,1,0,0,0,0,0,0,0,0,0,0,0,0,0,0,0,0,1,0,0,0,0,1,0
0,0.651570972409714,1.2788523747771483,1,1,0.7408299319472283,0,1.1101583390032272,9.619569824588455,0,1,0,0,0,0,0,0,0,0,0,0,1,0,0,0,0,0,0,0,0,1,0,0,0,0,1,0
1,-0.9566132133203712,-0.6648766866375322,0,0,-0.49388662129815225,0,-8.424330998658097e-05,-0.1954133390319889,0,1,0,0,0,0,0,0,0,0,1,0,0,0,0,0,0,0,0,0,1,0,0,0,0,0,0,1
1,-0.6550786784959802,0.08271141390657576,1,0,-0.49388662129815225,1,-0.255846932429261,-0.1954133390319889,0,1,0,0,0,0,0,0,0,0,1,0,0,0,0,0,0,0,0,0,1,0,0,0,0,0,1,0
1,0.4505479491934533,-0.365841446419889,0,0,-0.49388662129815225,0,2.4180357265449715,-0.1954133390319889,0,1,0,0,0,0,0,0,0,0,0,0,1,0,0,0,0,0,0,0,1,0,0,0,0,0,1,0
1,-0.873188658685623,-0.6155358720016211,0,1,-0.2881005290905888,0,0.09292037091520411,-0.1952212649974758,1,0,0,0,0,0,0,0,0,0,1,0,0,0,0,0,0,0,0,0,1,0,0,0,0,0,1,0
1,0.350036437585323,1.2160549743314435,1,1,2.592904761815299,0,-1.0696373068996794,1.9561999955839837,0,1,0,0,0,0,1,0,0,0,0,0,0,0,0,0,0,0,0,0,1,0,0,0,0,0,1,0
1,-0.9566132133203712,-0.6648766866375322,0,0,-0.49388662129815225,1,1.8367568876375295,-0.1952212649974758,1,0,0,0,0,0,0,0,0,1,0,0,0,0,0,0,0,0,0,0,0,1,0,0,0,1,0,0
1,-0.9234444144896883,-0.6020792861918272,0,0,-0.49388662129815225,0,0.09292037091520411,-0.1877303776514641,0,1,0,0,0,0,0,0,0,0,0,0,0,1,0,0,0,0,0,0,0,0,1,0,0,0,1,0
1,-0.7887589889347936,-0.6529152770288265,0,0,-0.49388662129815225,0,-0.3721027002107493,-0.19445296885942331,0,1,0,0,0,0,0,0,0,0,0,0,1,0,0,0,0,0,0,0,1,0,0,0,0,0,1,0
1,-0.6379917215225981,0.257647029433897,1,1,0.7408299319472283,0,-0.6046142357737261,-0.1954133390319889,1,0,0,0,0,0,0,0,0,0,0,1,0,0,0,0,0,0,0,0,1,0,0,0,0,0,1,0
1,-0.11935232162464564,-0.6394586912190325,0,0,-0.49388662129815225,1,1.953012655419018,-0.1954133390319889,0,1,0,0,0,0,0,0,0,0,0,0,0,0,0,0,1,0,0,0,0,1,0,0,0,0,1,0
1,-0.45405565527971964,-0.365841446419889,0,0,-0.49388662129815225,0,1.6042453520745528,-0.19234015447977898,0,1,0,0,0,0,0,0,0,0,1,0,0,0,0,0,0,0,0,0,1,0,0,0,0,0,1,0
0,-0.6299508005939477,-0.5033976569200049,0,0,-0.49388662129815225,1,-1.0696373068996794,-0.1954133390319889,0,1,0,0,1,0,0,0,0,0,0,0,0,0,0,0,0,0,0,0,1,0,0,0,0,0,1,0
1,-0.8812295796142735,-0.552738471555916,1,1,1.1524021163623552,1,0.6741992098226459,-0.16429734544086344,1,0,0,0,0,0,0,0,0,0,1,0,0,0,0,0,0,0,0,0,1,0,0,0,0,0,1,0
1,-0.1444801995266782,1.8769228552124348,1,1,0.9466160241547917,1,0.06385642896983201,-0.1954133390319889,1,0,0,0,0,1,0,0,0,0,0,0,0,0,0,0,0,0,0,0,0,1,0,0,0,0,1,0
1,-0.3535441436715893,-0.365841446419889,1,0,-0.49388662129815225,0,-1.0696373068996794,-0.15699853212936488,0,1,0,0,0,1,0,0,0,0,0,0,0,0,0,0,0,0,0,0,0,1,0,0,0,0,1,0
1,-0.9234444144896883,-0.5901178765831214,0,0,-0.49388662129815225,1,0.5579434420411575,-0.1954133390319889,0,1,0,0,1,0,0,0,0,0,0,0,0,0,0,0,0,0,0,0,1,0,0,0,0,1,0,0
1,-0.45405565527971964,-0.6394586912190325,0,0,-0.49388662129815225,1,-0.4883584679922377,0.612834198199221,0,1,0,1,0,0,0,0,0,0,0,0,0,0,0,0,0,1,0,0,0,0,0,0,0,0,1,0
0,0.744041563089194,0.07075000429787003,0,0,-0.49388662129815225,0,-0.11634001109147493,-0.1954133390319889,1,0,0,0,0,0,0,0,0,0,0,0,0,0,0,0,1,0,0,0,1,0,0,0,0,0,1,0
1,-0.9154034935610378,-0.6529152770288265,0,0,-0.49388662129815225,0,0.5579434420411575,-0.05135781314714875,0,1,0,0,0,0,0,0,1,0,0,0,0,0,0,0,0,0,0,0,1,0,0,0,0,0,1,0
1,1.1370415734769832,-0.6274972816103268,1,0,-0.49388662129815225,0,-0.3721027002107493,-0.12338557608956884,1,0,0,0,0,0,0,0,1,0,0,0,0,0,0,0,0,0,0,0,1,0,0,0,0,0,1,0
0,-0.6550786784959802,-0.06680620620224584,1,0,-0.49388662129815225,0,1.0694688202797062,-0.1954133390319889,0,1,0,0,0,0,0,0,0,1,0,0,0,0,0,0,0,0,0,0,1,0,0,0,0,1,0,0
0,0.9028497514300398,-0.365841446419889,1,1,0.3292577475321015,1,-0.6046142357737261,-0.09937632177542881,1,0,0,0,0,0,0,0,0,0,1,0,0,0,0,0,0,0,0,0,1,0,0,0,0,0,1,0
1,-0.8058459459081757,-0.19090583089256777,0,1,-0.2881005290905888,1,1.2554780487300876,-0.19368467272137083,0,1,0,0,0,1,0,0,0,0,0,0,0,0,0,0,0,0,0,0,1,0,0,0,0,0,1,0
1,1.606430332686952,0.8302995144506837,1,0,-0.49388662129815225,0,-0.41860500732334466,-0.1954133390319889,1,0,0,0,0,0,0,0,0,0,1,0,0,0,0,0,0,0,0,0,0,0,0,1,0,0,1,0
0,0.8525939956259746,1.8769228552124348,1,1,0.535043839739665,1,-0.3721027002107493,-0.1954133390319889,0,1,0,0,0,0,0,0,0,0,0,0,0,1,0,0,0,0,0,0,1,0,0,0,0,0,1,0
1,-0.3203753448409063,0.45650546417862975,1,0,-0.49388662129815225,1,2.8830587976709245,-0.1954133390319889,0,1,0,0,0,0,0,0,0,0,0,0,0,0,0,0,1,0,0,0,0,0,0,1,0,0,1,0
0,-0.10226536465126349,0.8302995144506837,0,0,-0.49388662129815225,1,-1.0696373068996794,-0.19464504289393644,1,0,0,1,0,0,0,0,0,0,0,0,0,0,0,0,0,1,0,0,0,0,0,0,0,0,1,0
0,-0.9234444144896883,-0.6648766866375322,0,0,-0.49388662129815225,1,-0.7092444267770656,-0.19022734010013467,0,1,0,1,0,0,0,0,0,0,0,0,0,0,0,0,0,1,0,0,0,0,0,0,0,1,0,0
1,-0.1444801995266782,1.42836999488597,1,1,1.1524021163623552,0,0.7904549776041343,-0.1954133390319889,0,1,0,0,0,0,0,0,0,0,0,0,0,0,0,1,0,0,0,0,0,0,0,1,0,0,1,0
1,0.05654282368958243,3.1478226261374185,1,0,-0.49388662129815225,1,-0.534860775104833,-0.1954133390319889,0,1,0,0,0,0,0,0,0,0,0,0,0,1,0,0,0,0,0,0,0,0,0,1,0,0,1,0
1,-0.7053344343000454,-0.5901178765831214,0,0,-0.49388662129815225,0,-1.0696373068996794,-0.15795890230193046,1,0,0,0,0,0,0,0,0,0,0,1,0,0,0,0,0,0,0,0,1,0,0,0,0,0,1,0
0,-0.8058459459081757,-0.365841446419889,1,1,0.12347165532453808,1,0.16267383158409712,-0.1954133390319889,0,1,0,0,0,0,1,0,0,0,0,0,0,0,0,0,0,0,0,0,0,1,0,0,0,0,1,0
1,1.5561745768828867,-0.30304404597418394,1,1,13.293781556608597,1,-0.255846932429261,-0.1458582381276039,0,1,0,0,0,0,0,0,0,0,0,0,0,0,0,1,0,0,0,0,1,0,0,0,0,0,1,0
1,0.37516431548735557,0.9798171345595054,1,0,-0.49388662129815225,1,-0.4883584679922377,-0.1954133390319889,1,0,0,0,1,0,0,0,0,0,0,0,0,0,0,0,0,0,0,0,1,0,0,0,0,1,0,0
1,1.3802794315686588,-0.41518226105580014,1,0,-0.49388662129815225,1,-0.1395911646477726,-0.13779112867805285,1,0,0,0,0,0,0,0,0,0,0,1,0,0,0,0,0,0,0,0,1,0,0,0,0,0,1,0
1,-0.45405565527971964,0.007952603852164964,0,0,-0.49388662129815225,1,0.9067107453856226,-0.1954133390319889,0,1,0,0,0,0,0,0,0,0,0,0,0,0,0,1,0,0,0,0,0,0,0,1,0,1,0,0
1,-0.15252112045532865,0.8302995144506837,1,0,-0.49388662129815225,1,0.5579434420411575,-0.1954133390319889,0,1,0,0,0,0,0,0,0,0,1,0,0,0,0,0,0,0,0,0,0,1,0,0,0,1,0,0
1,-0.6470377575673298,-0.6274972816103268,0,0,-0.49388662129815225,0,-0.4883584679922377,-0.1954133390319889,0,1,0,0,0,0,0,0,0,0,0,1,0,0,0,0,0,0,0,0,1,0,0,0,0,0,1,0
0,-0.8229329028815578,-0.5901178765831214,0,0,-0.49388662129815225,1,0.6741992098226459,-0.1954133390319889,0,1,0,0,0,0,0,0,0,0,0,1,0,0,0,0,0,0,0,0,1,0,0,0,0,0,1,0
0,-0.5877359657185329,-0.6648766866375322,0,1,-0.2881005290905888,0,0.09292037091520411,-0.18523341520279354,0,1,0,0,0,0,0,1,0,0,0,0,0,0,0,0,0,0,0,1,0,0,0,0,0,0,1,0
1,-0.3535441436715893,-0.6529152770288265,0,0,-0.49388662129815225,1,-0.1395911646477726,-0.1877303776514641,0,1,0,0,0,0,1,0,0,0,0,0,0,0,0,0,0,0,0,0,1,0,0,0,0,0,1,0
1,2.0165173000481236,0.8422609240593895,1,1,0.535043839739665,1,-0.09308885753517726,-0.1954133390319889,0,1,0,0,0,0,0,0,1,0,0,0,0,0,0,0,0,0,0,0,1,0,0,0,0,0,1,0
0,-0.24499171113480855,-0.5153590665287107,1,0,-0.49388662129815225,1,-0.07565049236795401,-0.1954133390319889,0,1,0,0,0,1,0,0,0,0,0,0,0,0,0,0,0,0,0,0,0,1,0,0,0,0,1,0
1,-0.9566132133203712,-0.6648766866375322,0,0,-0.49388662129815225,0,-8.424330998658097e-05,-0.1954133390319889,0,1,0,0,0,0,0,0,0,0,1,0,0,0,0,0,0,0,0,0,1,0,0,0,0,0,0,1
1,-0.8390147447388587,-0.6394586912190325,1,0,-0.49388662129815225,0,-0.023335396866284254,-0.1954133390319889,0,1,0,0,0,0,0,0,0,0,1,0,0,0,0,0,0,0,0,0,0,0,0,1,0,0,1,0
1,1.304895797862561,0.08271141390657576,1,1,3.004476946230426,0,0.09292037091520411,0.03661209465986032,0,1,0,0,0,0,0,0,0,0,1,0,0,0,0,0,0,0,0,0,1,0,0,0,0,0,1,0
0,0.5510594608015836,0.14550881435228083,1,1,0.535043839739665,0,-8.424330998658097e-05,4.937957307365662,0,1,0,0,0,0,0,0,0,0,0,0,0,1,0,0,0,0,0,0,1,0,0,0,0,0,1,0
1,-0.906357457516306,-0.5646998811646218,0,1,0.3292577475321015,0,-0.1395911646477726,-0.19387674675588396,0,1,0,0,0,0,0,0,0,0,0,0,0,1,0,0,0,0,0,0,1,0,0,0,0,0,1,0
0,-0.8892705005429239,-0.6648766866375322,0,1,-0.2881005290905888,0,-0.1395911646477726,-0.17121201068333577,0,1,0,1,0,0,0,0,0,0,0,0,0,0,0,0,0,1,0,0,0,0,0,0,0,0,1,0
1,-0.45405565527971964,-0.14156501625665663,0,1,-0.08231443688302535,1,3.115570333233901,-0.1954133390319889,0,1,0,0,0,0,0,0,1,0,0,0,0,0,0,0,0,0,0,0,1,0,0,0,0,0,1,0
0,1.0536170188422351,-0.365841446419889,1,1,0.3292577475321015,0,-0.7789978874459585,0.08597512152973222,0,1,0,0,0,0,0,0,0,0,1,0,0,0,0,0,0,0,0,0,0,0,0,1,0,0,1,0
0,-0.6048229226919151,-0.6648766866375322,0,0,-0.49388662129815225,0,-0.1395911646477726,-0.1954133390319889,1,0,0,0,0,0,0,1,0,0,0,0,0,0,0,0,0,0,0,1,0,0,0,0,0,0,1,0
1,-0.7475492691754602,1.2788523747771483,1,0,-0.49388662129815225,1,-0.11634001109147493,5.813622830710977,0,1,0,0,0,0,0,0,0,0,0,0,0,0,1,0,0,0,0,0,0,0,0,1,0,0,1,0
0,-0.5374802099144678,0.15747022396098656,1,0,-0.49388662129815225,1,1.022966513167111,-0.1952212649974758,0,1,0,0,0,0,0,0,0,0,1,0,0,0,0,0,0,0,0,0,0,0,0,1,0,0,1,0
0,-0.3535441436715893,-0.11614702083815696,1,1,3.416049130645553,0,-1.0696373068996794,-0.09937632177542881,0,1,0,0,0,0,0,0,0,0,0,0,0,1,0,0,0,0,0,0,0,0,0,1,0,0,1,0
1,-0.9566132133203712,-0.2910826363654782,1,1,-0.2881005290905888,0,0.10454594769335294,-0.1954133390319889,0,1,0,0,0,0,0,0,0,0,0,1,0,0,0,0,0,0,0,0,1,0,0,0,0,0,1,0
1,0.06558885973431415,-0.5781564669744157,0,0,-0.49388662129815225,0,-0.255846932429261,-0.1600717166815748,1,0,0,0,0,0,0,1,0,0,0,0,0,0,0,0,0,0,0,0,1,0,0,0,0,0,1,0
0,0.6766988503117465,-0.6155358720016211,0,1,-0.08231443688302535,0,-8.424330998658097e-05,-0.19195600641075275,1,0,0,0,0,0,1,0,0,0,0,0,0,0,0,0,0,0,0,0,1,0,0,0,0,0,1,0
1,-0.7053344343000454,-0.5901178765831214,0,1,-0.08231443688302535,1,1.2554780487300876,-0.17466934330457193,0,1,0,0,0,0,0,0,0,0,1,0,0,0,0,0,0,0,0,0,0,0,0,1,0,0,1,0
1,-0.8561017017122409,-0.5153590665287107,0,0,-0.49388662129815225,1,-0.3139748163200051,-0.1954133390319889,1,0,0,0,0,0,0,0,0,1,0,0,0,0,0,0,0,0,0,0,1,0,0,0,0,0,1,0
0,-0.8641426226408914,-0.5033976569200049,1,1,0.3292577475321015,0,1.1392222809485992,-0.09937632177542881,0,1,0,0,0,0,1,0,0,0,0,0,0,0,0,0,0,0,0,0,1,0,0,0,0,0,1,0
1,-0.8561017017122409,0.5193028646243348,1,0,-0.49388662129815225,0,-0.023335396866284254,-0.13510209219486916,1,0,0,0,0,0,1,0,0,0,0,0,0,0,0,0,0,0,0,0,0,0,0,1,0,0,1,0
1,0.14901341436906232,-0.21632382631106742,0,0,-0.49388662129815225,1,-0.7208700035552144,-0.1954133390319889,1,0,0,0,0,0,0,0,0,0,1,0,0,0,0,0,0,0,0,0,1,0,0,0,0,0,1,0
1,1.4556630652747564,0.007952603852164964,1,1,-0.08231443688302535,1,-0.3721027002107493,-0.19445296885942331,0,1,0,0,0,0,1,0,0,0,0,0,0,0,0,0,0,0,0,0,1,0,0,0,0,0,1,0
0,-0.4460147343510692,-0.6648766866375322,0,0,-0.49388662129815225,1,-0.023335396866284254,-0.1838888969612017,1,0,0,1,0,0,0,0,0,0,0,0,0,0,0,0,0,1,0,0,0,0,0,0,0,0,1,0
0,-0.026881730945165747,-0.17894442128386204,1,1,-0.08231443688302535,0,-1.0696373068996794,-0.1954133390319889,0,1,0,0,0,0,0,0,0,0,0,0,0,1,0,0,0,0,0,0,0,0,0,1,0,0,1,0
1,-0.5213983680571669,-0.21632382631106742,0,0,-0.49388662129815225,0,-0.3721027002107493,-0.1954133390319889,0,1,0,0,0,0,0,0,0,0,1,0,0,0,0,0,0,0,0,0,1,0,0,0,0,0,0,1
1,0.14901341436906232,0.8302995144506837,0,0,-0.49388662129815225,0,0.15104825480594827,-0.06345847732147532,0,1,0,0,0,1,0,0,0,0,0,0,0,0,0,0,0,0,0,0,0,1,0,0,0,0,1,0
1,-0.8983165365876556,-0.5781564669744157,0,0,-0.49388662129815225,0,0.5579434420411575,-0.12549839046921316,0,1,0,0,0,0,1,0,0,0,0,0,0,0,0,0,0,0,0,0,1,0,0,0,0,0,1,0
1,-0.7807180680061432,0.7181612993690676,1,1,-0.08231443688302535,1,1.953012655419018,0.18873472999425153,0,1,0,0,0,0,0,0,0,0,0,0,0,1,0,0,0,0,0,0,1,0,0,0,0,0,1,0
0,0.350036437585323,0.5312642742330406,1,1,0.9466160241547917,1,-1.0696373068996794,0.39329357675072457,0,1,0,0,0,0,0,0,0,0,1,0,0,0,0,0,0,0,0,0,0,1,0,0,0,0,1,0
1,0.4505479491934533,-0.5153590665287107,0,0,-0.49388662129815225,0,-1.0696373068996794,-0.1954133390319889,0,1,0,0,0,0,0,0,0,0,1,0,0,0,0,0,0,0,0,0,1,0,0,0,0,0,1,0
1,-0.8400198598549401,-0.5781564669744157,1,1,0.9466160241547917,1,-0.5116096215485354,0.7887740138132392,0,1,0,0,0,0,0,0,0,0,1,0,0,0,0,0,0,0,0,0,1,0,0,0,0,0,1,0
1,-0.0017538530431331658,-0.06680620620224584,0,1,-0.2881005290905888,1,1.6042453520745528,-0.18235230468509675,0,1,0,0,0,0,0,0,0,1,0,0,0,0,0,0,0,0,0,0,1,0,0,0,0,0,1,0
1,-0.5043114110837847,-0.44060025647429985,1,0,-0.49388662129815225,0,2.1855241909819947,-0.1954133390319889,0,1,0,0,0,1,0,0,0,0,0,0,0,0,0,0,0,0,0,0,0,1,0,0,0,0,1,0
1,-0.7224213912734275,-0.5153590665287107,1,0,-0.49388662129815225,0,0.5579434420411575,-0.1954133390319889,0,1,0,0,0,0,1,0,0,0,0,0,0,0,0,0,0,0,0,0,1,0,0,0,0,1,0,0
1,-0.3535441436715893,1.42836999488597,0,0,-0.49388662129815225,0,-1.0696373068996794,-0.1952212649974758,1,0,0,0,0,1,0,0,0,0,0,0,0,0,0,0,0,0,0,0,0,1,0,0,0,0,1,0
1,1.045576097913585,-0.6648766866375322,1,0,-0.49388662129815225,0,-1.0696373068996794,-0.1954133390319889,0,1,0,0,0,0,0,0,0,0,0,0,1,0,0,0,0,0,1,0,0,0,0,0,0,0,1,0
1,0.7520824840178443,3.5216166764094723,1,1,-0.2881005290905888,1,-0.5581119286611307,0.18873472999425153,0,1,0,0,0,0,0,0,0,0,0,0,0,0,0,1,0,0,0,0,0,0,0,1,0,0,1,0
0,-0.49627049015513436,0.019914013460870704,1,1,0.9466160241547917,1,-0.255846932429261,0.2624911592472897,0,1,0,0,0,0,0,0,0,0,0,0,0,1,0,0,0,0,0,0,0,0,0,1,0,0,1,0
0,-0.3535441436715893,-0.6155358720016211,1,1,0.12347165532453808,0,-0.4883584679922377,-0.19426089482491019,0,1,0,0,0,0,0,0,0,0,0,0,0,1,0,0,0,0,0,0,1,0,0,0,0,0,1,0
1,-0.6550786784959802,0.007952603852164964,0,1,-0.2881005290905888,1,-0.4883584679922377,-0.19483711692844954,0,1,0,0,0,0,0,0,0,0,0,1,0,0,0,0,0,0,0,0,1,0,0,0,0,0,1,0
1,-0.5043114110837847,2.3254757155388996,1,0,-0.49388662129815225,1,-0.046586550422581925,-0.1954133390319889,1,0,0,0,0,0,0,0,0,0,0,0,0,0,0,0,1,0,0,0,0,0,0,1,0,0,1,0
1,4.672031436734927,7.857627659565298,1,1,7.737557067004386,0,-1.0696373068996794,-0.1925322285142921,1,0,0,0,0,0,0,0,0,0,1,0,0,0,0,0,0,0,0,0,1,0,0,0,0,0,1,0
0,-0.9234444144896883,-0.6648766866375322,1,1,-0.2881005290905888,0,0.2789295993655855,-0.1762059355806769,0,1,0,1,0,0,0,0,0,0,0,0,0,0,0,0,0,1,0,0,0,0,0,0,0,0,1,0
0,1.304895797862561,-0.44060025647429985,1,1,0.3292577475321015,0,-1.0696373068996794,-0.1337575739532773,1,0,0,0,0,0,0,0,0,0,0,0,0,0,0,0,1,0,0,0,0,0,0,1,0,0,1,0
0,-0.45405565527971964,0.6807818943418621,0,0,-0.49388662129815225,0,0.09292037091520411,-0.10782757929400609,1,0,0,0,0,1,0,0,0,0,0,0,0,0,0,0,0,0,0,0,0,1,0,0,0,0,1,0
0,0.24952492597719264,-0.6648766866375322,0,0,-0.49388662129815225,0,-1.0696373068996794,-0.1954133390319889,0,1,0,1,0,0,0,0,0,0,0,0,0,0,0,0,0,1,0,0,0,0,0,0,0,1,0,0
1,-0.8058459459081757,-0.21632382631106742,0,0,-0.49388662129815225,1,0.2731168109765111,-0.1954133390319889,0,1,0,0,0,0,1,0,0,0,0,0,0,0,0,0,0,0,0,0,1,0,0,0,0,0,1,0
1,1.4556630652747564,4.119687156844758,1,0,-0.49388662129815225,0,-0.4302305841014935,-0.1954133390319889,0,1,0,0,0,0,0,0,0,1,0,0,0,0,0,0,0,0,0,0,1,0,0,0,0,1,0,0
0,2.0587321349235386,-0.6648766866375322,1,0,-0.49388662129815225,0,-1.0696373068996794,2.3422688049553555,1,0,0,0,0,0,0,0,0,0,0,0,1,0,0,0,0,0,0,0,0,0,0,0,1,0,1,0
1,-0.45405565527971964,0.6807818943418621,1,1,0.9466160241547917,0,-0.1977190485385168,0.04852068479967377,0,1,0,0,0,0,1,0,0,0,0,0,0,0,0,0,0,0,0,0,1,0,0,0,0,0,1,0
1,0.5681464177749658,1.6033056104132914,1,1,2.592904761815299,1,-1.0696373068996794,0.7649568335336122,0,1,0,0,0,1,0,0,0,0,0,0,0,0,0,0,0,0,0,0,0,1,0,0,0,0,1,0
1,0.14901341436906232,-0.5033976569200049,1,0,-0.49388662129815225,0,-1.0696373068996794,-0.13010816729752803,0,1,0,0,0,0,0,0,0,0,1,0,0,0,0,0,0,0,0,0,1,0,0,0,0,0,1,0
1,1.6566860884910173,-0.5153590665287107,0,0,-0.49388662129815225,0,0.2556784458092878,-0.1954133390319889,0,1,0,0,1,0,0,0,0,0,0,0,0,0,0,0,0,0,0,0,0,0,0,1,0,0,1,0
0,-0.8561017017122409,-0.6155358720016211,0,1,0.7408299319472283,1,0.3254319064781808,-0.1886907478240297,0,1,0,0,0,1,0,0,0,0,0,0,0,0,0,0,0,0,0,0,1,0,0,0,0,0,1,0
0,-0.9234444144896883,-0.365841446419889,0,1,-0.08231443688302535,1,0.7904549776041343,-0.1952212649974758,0,1,0,0,0,0,0,0,1,0,0,0,0,0,0,0,0,0,0,0,1,0,0,0,0,0,1,0
1,1.9582206233154082,4.717757637280045,1,1,2.592904761815299,1,-1.0696373068996794,-0.0033393045188686884,0,1,0,1,0,0,0,0,0,0,0,0,0,0,0,0,0,1,0,0,0,0,0,0,0,0,1,0
1,-0.5545671668878499,0.5806050888689517,1,1,-0.08231443688302535,1,-0.017522608477209836,-0.1954133390319889,0,1,0,0,0,0,1,0,0,0,0,0,0,0,0,0,0,0,0,0,0,0,0,1,0,0,1,0
1,-0.6470377575673298,0.38174665412421893,0,0,-0.49388662129815225,0,0.1859249851403948,-0.1954133390319889,0,1,0,0,0,1,0,0,0,0,0,0,0,0,0,0,0,0,0,0,0,1,0,0,0,0,1,0
1,0.8525939956259746,-0.5901178765831214,0,0,-0.49388662129815225,1,-1.0696373068996794,-0.1954133390319889,0,1,0,0,0,0,0,0,1,0,0,0,0,0,0,0,0,0,0,0,1,0,0,0,0,0,1,0
1,1.7240288012684648,-0.6529152770288265,0,0,-0.49388662129815225,1,-0.3721027002107493,-0.10417817263825681,1,0,0,0,0,0,0,0,1,0,0,0,0,0,0,0,0,0,0,0,1,0,0,0,0,0,1,0
1,2.0587321349235386,0.9424377295323,1,1,1.3581882085699186,1,-1.0696373068996794,-0.1696754184072308,0,1,0,0,0,0,0,0,0,0,0,0,0,0,1,0,0,0,0,0,0,0,1,0,0,0,1,0
1,-0.7053344343000454,-0.3165006317839779,0,0,-0.49388662129815225,0,-0.3721027002107493,-0.1954133390319889,0,1,0,0,0,0,0,0,0,0,0,1,0,0,0,0,0,0,0,0,1,0,0,0,0,0,1,0
0,1.0536170188422351,-0.14156501625665663,1,0,-0.49388662129815225,0,-0.9010664436165213,-0.034647372144507284,0,1,0,0,0,0,0,0,0,0,0,0,0,1,0,0,0,0,0,0,0,0,0,1,0,0,1,0
1,-0.5877359657185329,0.007952603852164964,1,1,-0.2881005290905888,0,-0.4883584679922377,-0.16660223385502088,0,1,0,0,0,0,0,0,0,0,1,0,0,0,0,0,0,0,0,0,1,0,0,0,0,0,1,0
1,-0.730462312202078,-0.21632382631106742,0,0,-0.49388662129815225,1,1.4356744887913946,-0.1954133390319889,1,0,0,0,1,0,0,0,0,0,0,0,0,0,0,0,0,0,0,0,1,0,0,0,0,0,1,0
1,-0.10226536465126349,-0.6274972816103268,1,0,-0.49388662129815225,1,0.23824008064206456,-0.1954133390319889,0,1,0,0,0,0,0,0,0,1,0,0,0,0,0,0,0,0,0,0,1,0,0,0,0,0,1,0
1,-0.8058459459081757,-0.5153590665287107,0,0,-0.49388662129815225,1,0.7904549776041343,-0.1954133390319889,0,1,0,0,0,0,0,0,0,1,0,0,0,0,0,0,0,0,0,0,1,0,0,0,0,1,0,0
1,-0.2781605099654916,1.8141254547667294,0,0,-0.49388662129815225,1,-1.0696373068996794,-0.1954133390319889,0,1,0,0,0,0,0,0,0,0,1,0,0,0,0,0,0,0,0,0,0,0,0,1,0,0,1,0
1,-0.4037998994756545,-0.4660182518927995,0,1,-0.2881005290905888,0,-0.6046142357737261,-0.1913797843072134,0,1,0,0,0,0,0,0,1,0,0,0,0,0,0,0,0,0,0,0,1,0,0,0,0,0,1,0
1,1.1541285304503655,-0.26566464094697856,1,0,-0.49388662129815225,0,-0.4883584679922377,-0.1954133390319889,0,1,0,0,0,0,0,0,0,0,0,0,0,1,0,0,0,0,0,0,0,0,0,1,0,0,1,0
0,1.4054073094706914,-0.5901178765831214,0,0,-0.49388662129815225,1,-0.023335396866284254,-0.1954133390319889,0,1,0,0,0,0,0,0,0,0,1,0,0,0,0,0,0,0,0,0,1,0,0,0,0,0,1,0
0,-0.4460147343510692,-0.5901178765831214,1,0,-0.49388662129815225,1,1.081094397057855,-0.1954133390319889,1,0,0,0,0,0,0,0,1,0,0,0,0,0,0,0,0,0,0,0,1,0,0,0,0,0,1,0
1,-0.5294392889858174,-0.6394586912190325,1,1,-0.2881005290905888,0,-0.7789978874459585,0.03257853993508479,1,0,0,0,0,0,0,0,0,0,0,1,0,0,0,0,0,0,0,0,1,0,0,0,0,0,1,0
0,-0.2027768762593938,-0.5901178765831214,0,1,-0.2881005290905888,1,-0.8371257713367027,-0.1658339377169684,0,1,0,0,0,0,0,0,0,0,1,0,0,0,0,0,0,0,0,0,1,0,0,0,0,0,1,0
1,1.4807909431767892,0.3324058394883078,0,1,-0.08231443688302535,1,-0.023335396866284254,-0.1621845310612191,0,1,0,0,0,0,0,0,0,0,1,0,0,0,0,0,0,0,0,0,1,0,0,0,0,0,1,0
1,-0.6470377575673298,-0.2043624167023617,1,1,-0.2881005290905888,1,1.953012655419018,9.408288386624022,0,1,0,0,0,0,0,0,0,0,0,0,0,0,0,1,0,0,0,0,1,0,0,0,0,0,1,0
1,-0.45405565527971964,-0.365841446419889,0,0,-0.49388662129815225,1,0.15104825480594827,-0.1954133390319889,0,1,0,0,0,1,0,0,0,0,0,0,0,0,0,0,0,0,0,0,1,0,0,0,0,0,1,0
1,-0.2279047541614264,-0.5901178765831214,0,0,-0.49388662129815225,1,-0.4883584679922377,-0.1954133390319889,0,1,0,0,0,0,0,0,1,0,0,0,0,0,0,0,0,0,0,0,1,0,0,0,0,0,1,0
0,0.13192645739568018,-0.5781564669744157,0,0,-0.49388662129815225,0,-0.6046142357737261,-0.10244950632763873,0,1,0,0,0,1,0,0,0,0,0,0,0,0,0,0,0,0,0,0,0,0,0,1,0,0,1,0
1,-0.7555901901041105,-0.41518226105580014,1,0,-0.49388662129815225,0,0.6741992098226459,-0.1954133390319889,0,1,0,0,0,0,0,0,0,0,1,0,0,0,0,0,0,0,0,0,1,0,0,0,0,1,0,0
1,-0.9314853354183387,-0.6155358720016211,0,0,-0.49388662129815225,0,-0.30234923954185633,-0.1954133390319889,0,1,0,0,0,0,0,0,0,0,1,0,0,0,0,0,0,0,0,0,1,0,0,0,0,0,1,0
0,-0.9314853354183387,-0.365841446419889,0,1,-0.2881005290905888,0,0.3254319064781808,-0.04790048052591258,0,1,0,0,0,0,0,0,0,0,0,0,0,1,0,0,0,0,0,0,1,0,0,0,0,0,1,0
1,1.2546400420584958,-0.06680620620224584,1,1,-0.2881005290905888,0,-0.6046142357737261,-0.1420167574373415,0,1,0,0,0,0,0,0,0,0,0,1,0,0,0,0,0,0,0,0,1,0,0,0,0,0,1,0
1,0.06558885973431415,-0.3404234510013894,0,0,-0.49388662129815225,1,1.7205011198560412,-0.1954133390319889,1,0,0,0,0,1,0,0,0,0,0,0,0,0,0,0,0,0,0,0,0,1,0,0,0,0,1,0
0,-0.8892705005429239,-0.365841446419889,1,0,-0.49388662129815225,1,0.39518536714707386,0.22657331479333623,0,1,0,0,0,1,0,0,0,0,0,0,0,0,0,0,0,0,0,0,0,1,0,0,0,0,1,0
1,-0.7887589889347936,-0.6394586912190325,1,0,-0.49388662129815225,0,0.09292037091520411,-0.1954133390319889,0,1,0,0,0,0,0,0,0,1,0,0,0,0,0,0,0,0,0,0,1,0,0,0,0,1,0,0
1,-0.45405565527971964,0.15747022396098656,1,1,0.7408299319472283,0,-0.1395911646477726,0.2025640604791962,0,1,0,0,0,0,0,0,0,0,0,0,0,0,0,1,0,0,0,0,0,0,0,1,0,0,1,0
1,4.086049324059528,-0.14156501625665663,1,1,0.12347165532453808,0,-0.3721027002107493,-0.19272430254880524,0,1,0,0,0,0,0,0,0,0,0,1,0,0,0,0,0,0,0,0,1,0,0,0,0,0,1,0
1,-0.4037998994756545,0.08271141390657576,0,0,-0.49388662129815225,1,0.2789295993655855,-0.15699853212936488,0,1,0,0,0,1,0,0,0,0,0,0,0,0,0,0,0,0,0,0,0,1,0,0,0,0,1,0
1,-0.7133753552286959,-0.6648766866375322,0,0,-0.49388662129815225,0,-0.4883584679922377,-0.1954133390319889,1,0,0,0,0,0,0,0,0,0,0,0,1,0,0,0,0,0,1,0,0,0,0,0,0,0,1,0
1,-0.8561017017122409,2.549752145702132,1,0,-0.49388662129815225,0,1.2554780487300876,-0.1954133390319889,0,1,0,0,0,0,0,0,0,1,0,0,0,0,0,0,0,0,0,0,1,0,0,0,0,1,0,0
1,-0.6048229226919151,-0.5153590665287107,0,0,-0.49388662129815225,1,0.6741992098226459,-0.19502919096296267,0,1,0,0,0,0,1,0,0,0,0,0,0,0,0,0,0,0,0,0,1,0,0,0,0,0,1,0
1,-0.8058459459081757,0.38174665412421893,0,0,-0.49388662129815225,1,0.7904549776041343,-0.1954133390319889,1,0,0,0,0,0,0,0,1,0,0,0,0,0,0,0,0,0,0,0,1,0,0,0,0,0,1,0
1,-0.6128638436205656,-0.16698301167515628,1,1,-0.2881005290905888,1,1.2264141067847156,-0.19157185834172652,0,1,0,0,0,0,0,0,0,0,0,0,0,0,0,0,1,0,0,0,1,0,0,0,0,0,1,0
1,1.2546400420584958,5.3158281177153315,1,1,0.9466160241547917,1,-0.9417559623400423,-0.1954133390319889,0,1,0,0,0,0,0,0,0,0,0,0,1,0,0,0,0,0,0,0,0,0,0,0,1,0,1,0
1,-0.9566132133203712,3.8206519166271153,1,0,-0.49388662129815225,0,-1.0696373068996794,-0.1954133390319889,0,1,0,0,0,0,0,0,0,0,1,0,0,0,0,0,0,0,0,0,0,1,0,0,0,0,1,0
1,-0.730462312202078,-0.6648766866375322,0,1,-0.2881005290905888,0,-0.5116096215485354,-0.19176393237623962,0,1,0,1,0,0,0,0,0,0,0,0,0,0,0,0,0,1,0,0,0,0,0,0,0,0,1,0
0,-0.0097947739717836,-0.6648766866375322,0,0,-0.49388662129815225,0,-0.1395911646477726,-0.1954133390319889,0,1,0,1,0,0,0,0,0,0,0,0,0,0,0,0,0,1,0,0,0,0,0,0,0,0,1,0
1,0.5510594608015836,-0.19090583089256777,1,0,-0.49388662129815225,1,1.371733816511576,-0.1954133390319889,0,1,0,0,0,0,0,0,0,0,0,0,1,0,0,0,0,0,0,0,0,1,0,0,0,1,0,0
0,-0.32841626576955674,0.2441904436241031,0,1,-0.08231443688302535,1,0.09292037091520411,-0.19464504289393644,0,1,0,1,0,0,0,0,0,0,0,0,0,0,0,0,0,1,0,0,0,0,0,0,0,0,1,0
1,-0.4037998994756545,0.007952603852164964,1,1,0.7408299319472283,0,-8.424330998658097e-05,-0.08016891832411678,0,1,0,0,0,0,0,0,0,0,1,0,0,0,0,0,0,0,0,0,1,0,0,0,0,0,1,0
1,-0.8480607807835905,-0.6529152770288265,1,1,-0.2881005290905888,1,3.813104939922831,-0.18408097099571483,1,0,0,0,0,0,0,0,0,0,0,0,0,0,0,0,1,0,0,0,1,0,0,0,0,0,1,0
1,-0.3535441436715893,1.5524696195762921,1,0,-0.49388662129815225,1,-1.0696373068996794,-0.1954133390319889,0,1,0,0,0,0,0,0,0,0,0,0,0,0,0,1,0,0,0,0,0,0,0,1,0,0,1,0
1,-0.3535441436715893,-0.21632382631106742,0,0,-0.49388662129815225,0,-0.023335396866284254,-0.19464504289393644,1,0,0,1,0,0,0,0,0,0,0,0,0,0,0,0,0,1,0,0,0,0,0,0,0,0,1,0
0,-0.6550786784959802,-0.6648766866375322,0,1,-0.08231443688302535,1,0.09292037091520411,-0.1752455654081113,0,1,0,1,0,0,0,0,0,0,0,0,0,0,0,0,0,1,0,0,0,0,0,0,0,0,1,0
1,-0.8148919819529075,-0.552738471555916,0,1,-0.08231443688302535,0,0.23824008064206456,-0.09937632177542881,0,1,0,0,0,0,0,0,0,0,1,0,0,0,0,0,0,0,0,0,1,0,0,0,0,0,1,0
1,-0.6128638436205656,-0.6274972816103268,1,1,0.535043839739665,1,1.7205011198560412,-0.1954133390319889,0,1,0,0,0,0,0,0,0,0,0,0,0,0,0,0,1,0,0,0,1,0,0,0,0,0,1,0
1,-0.4620965762083701,-0.37780285602859476,0,1,-0.08231443688302535,1,-0.1395911646477726,-0.08266588077278735,0,1,0,0,0,0,0,0,0,0,1,0,0,0,0,0,0,0,0,0,0,0,1,0,0,0,1,0
1,0.048501902760932,0.38174665412421893,1,1,1.563974300777482,1,-1.0696373068996794,-0.1954133390319889,0,1,0,0,0,0,0,0,0,0,0,0,0,0,0,1,0,0,0,0,1,0,0,0,0,0,1,0
1,1.2636860781032275,-0.06680620620224584,0,0,-0.49388662129815225,1,-0.27909808598555863,-0.1954133390319889,0,1,0,0,0,0,0,0,0,0,1,0,0,0,0,0,0,0,0,0,1,0,0,0,0,0,1,0
1,-0.48722445411040266,1.0545759446139162,0,0,-0.49388662129815225,1,0.6276969027100505,-0.1954133390319889,0,1,0,0,1,0,0,0,0,0,0,0,0,0,0,0,0,0,0,0,0,0,0,1,0,0,1,0
1,0.19122824924447704,-0.5033976569200049,0,0,-0.49388662129815225,0,-0.3721027002107493,-0.1954133390319889,0,1,0,0,1,0,0,0,0,0,0,0,0,0,0,0,0,0,0,0,1,0,0,0,0,0,1,0
0,0.5761873387036162,-0.6274972816103268,0,1,-0.2881005290905888,1,-1.0696373068996794,-0.16468149350988967,0,1,0,0,0,0,0,0,0,0,0,0,0,1,0,0,0,0,0,0,1,0,0,0,0,0,1,0
1,0.22439704807516006,2.3254757155388996,1,1,2.387118669607736,1,1.2496652603410132,-0.1954133390319889,0,1,0,0,0,0,0,0,0,0,0,0,0,0,0,1,0,0,0,0,0,0,0,1,0,0,1,0
0,-0.8229329028815578,-0.16698301167515628,0,0,-0.49388662129815225,0,0.20917613869669247,-0.19445296885942331,0,1,0,0,0,0,0,0,0,0,0,1,0,0,0,0,0,0,0,0,1,0,0,0,0,0,1,0
1,1.1541285304503655,0.23222903401539735,1,0,-0.49388662129815225,1,-1.0696373068996794,-0.1954133390319889,0,1,0,0,0,0,0,0,0,0,1,0,0,0,0,0,0,0,0,0,1,0,0,0,0,0,1,0
0,-0.8058459459081757,-0.06680620620224584,0,1,-0.08231443688302535,1,0.09292037091520411,-0.11973616943381954,0,1,0,0,0,0,0,0,0,0,1,0,0,0,0,0,0,0,0,0,1,0,0,0,0,0,1,0
1,-0.30328838786752416,0.019914013460870704,0,1,-0.2881005290905888,1,1.3484826629552784,-0.1913797843072134,0,1,0,0,0,0,0,0,0,0,1,0,0,0,0,0,0,0,0,0,0,0,0,1,0,0,1,0
1,1.0707039758156176,-0.2910826363654782,0,0,-0.49388662129815225,0,0.4416876742596692,-0.1954133390319889,1,0,0,0,0,0,0,0,0,0,0,0,1,0,0,0,0,0,0,0,0,0,0,1,0,0,1,0
0,-0.6550786784959802,-0.6648766866375322,1,0,-0.49388662129815225,1,-0.4883584679922377,-0.19022734010013467,0,1,0,0,0,0,0,1,0,0,0,0,0,0,0,0,0,0,0,1,0,0,0,0,0,0,1,0
1,0.10679857949364759,-0.552738471555916,1,1,-0.2881005290905888,0,-0.1395911646477726,-0.1954133390319889,0,1,0,0,0,0,0,0,0,0,0,0,0,1,0,0,0,0,0,0,1,0,0,0,0,0,1,0
0,-0.9143983784449565,-0.5781564669744157,1,1,1.7697603929850454,0,-0.6046142357737261,-0.17639800961519,0,1,0,0,0,0,0,0,0,0,0,0,0,1,0,0,0,0,0,0,0,0,0,1,0,0,1,0
1,-0.906357457516306,-0.4660182518927995,1,0,-0.49388662129815225,1,-1.0696373068996794,-0.1954133390319889,0,1,0,0,1,0,0,0,0,0,0,0,0,0,0,0,0,0,0,0,0,0,0,1,0,0,1,0
1,-0.8480607807835905,-0.6648766866375322,0,0,-0.49388662129815225,0,-0.4883584679922377,-0.1954133390319889,0,1,0,0,0,0,1,0,0,0,0,0,0,0,0,0,0,1,0,0,0,0,0,0,0,0,1,0
0,0.048501902760932,3.3720990563006508,1,0,-0.49388662129815225,1,4.626895314393249,-0.1954133390319889,0,1,0,0,0,0,0,0,0,0,0,0,0,0,0,1,0,0,0,0,1,0,0,0,0,0,1,0
0,1.564215497811537,0.019914013460870704,1,1,0.12347165532453808,1,-0.16284231820407027,-0.1954133390319889,0,1,0,0,0,0,0,0,1,0,0,0,0,0,0,0,0,0,0,0,1,0,0,0,0,0,1,0
0,-0.8812295796142735,-0.365841446419889,0,0,-0.49388662129815225,0,-0.3721027002107493,-0.19195600641075275,0,1,0,0,0,0,0,0,0,0,1,0,0,0,0,0,0,0,0,0,1,0,0,0,0,0,1,0
0,1.606430332686952,0.755540704396273,1,1,-0.08231443688302535,0,-0.645303754497247,-0.11013246770816354,0,1,0,0,0,0,0,0,0,0,1,0,0,0,0,0,0,0,0,0,0,1,0,0,0,0,1,0
1,0.0062870678855172675,0.007952603852164964,1,1,-0.2881005290905888,1,-0.6046142357737261,-0.13779112867805285,1,0,0,0,0,0,0,0,0,0,0,1,0,0,0,0,0,0,0,0,1,0,0,0,0,0,1,0
1,1.2546400420584958,-0.4660182518927995,1,0,-0.49388662129815225,0,-0.4883584679922377,-0.1954133390319889,0,1,0,0,0,0,0,0,0,0,0,0,0,0,0,1,0,0,0,0,1,0,0,0,0,0,1,0
1,0.9360185502607226,3.645716301099794,1,1,1.7697603929850454,1,-0.8952536552274469,-0.13779112867805285,0,1,0,1,0,0,0,0,0,0,0,0,0,0,0,0,0,1,0,0,0,0,0,0,0,0,1,0
1,0.14901341436906232,-0.5153590665287107,1,0,-0.49388662129815225,0,-0.6046142357737261,-0.1954133390319889,0,1,0,0,0,0,1,0,0,0,0,0,0,0,0,0,0,0,0,0,1,0,0,0,0,0,1,0
1,-0.06909656582058048,-0.5901178765831214,1,1,1.563974300777482,1,0.7904549776041343,-0.1954133390319889,1,0,0,0,0,0,1,0,0,0,0,0,0,0,0,0,0,0,0,0,1,0,0,0,0,0,1,0
1,1.0787448967442679,0.08271141390657576,1,1,0.7408299319472283,0,1.953012655419018,-0.15776682826741736,0,1,0,0,0,0,0,0,0,0,0,0,0,0,0,0,1,0,0,0,1,0,0,0,0,0,1,0
1,-0.6470377575673298,-0.6394586912190325,0,0,-0.49388662129815225,1,0.9997153596108133,-0.1954133390319889,0,1,0,0,0,0,1,0,0,0,0,0,0,0,0,0,0,0,0,0,1,0,0,0,0,0,1,0
0,0.350036437585323,0.257647029433897,0,0,-0.49388662129815225,1,-0.645303754497247,-0.1954133390319889,0,1,0,0,0,1,0,0,0,0,0,0,0,0,0,0,0,0,0,0,0,1,0,0,0,0,1,0
1,-0.5043114110837847,-0.6274972816103268,0,0,-0.49388662129815225,0,-0.1395911646477726,-0.19349259868685773,0,1,0,0,0,1,0,0,0,0,0,0,0,0,0,0,0,0,0,0,1,0,0,0,0,0,1,0
1,-0.6550786784959802,0.45650546417862975,0,0,-0.49388662129815225,1,-1.0696373068996794,-0.12818742695239685,0,1,0,0,1,0,0,0,0,0,0,0,0,0,0,0,0,0,0,0,1,0,0,0,0,0,1,0
0,0.048501902760932,0.5312642742330406,1,1,0.3292577475321015,0,-1.0696373068996794,-0.17639800961519,0,1,0,0,0,0,0,0,1,0,0,0,0,0,0,0,0,0,0,0,1,0,0,0,0,0,1,0
1,0.1741412922710949,-0.15352642586536236,1,0,-0.49388662129815225,0,-0.3721027002107493,-0.1954133390319889,0,1,0,0,0,0,0,0,0,0,0,1,0,0,0,0,0,0,0,0,1,0,0,0,0,1,0,0
1,-0.15252112045532865,-0.5901178765831214,1,0,-0.49388662129815225,1,-0.1395911646477726,-0.1954133390319889,0,1,0,0,0,0,0,0,0,0,1,0,0,0,0,0,0,0,0,0,0,1,0,0,0,0,1,0
1,-0.8721835435695418,-0.5781564669744157,0,0,-0.49388662129815225,1,0.7265143053243156,-0.19502919096296267,1,0,0,0,0,0,0,0,0,0,0,1,0,0,0,0,0,0,0,0,1,0,0,0,0,0,1,0
0,-0.6048229226919151,-0.6648766866375322,0,0,-0.49388662129815225,1,-0.1977190485385168,-0.1952212649974758,1,0,0,0,0,0,0,0,0,0,1,0,0,0,0,0,0,0,0,0,1,0,0,0,0,0,1,0
1,-0.7887589889347936,-0.6394586912190325,0,0,-0.49388662129815225,1,0.20917613869669247,-0.19445296885942331,0,1,0,0,0,1,0,0,0,0,0,0,0,0,0,0,0,0,0,0,0,0,0,1,0,0,1,0
0,-0.7555901901041105,-0.06680620620224584,1,1,1.7697603929850454,0,-1.0696373068996794,-0.10782757929400609,0,1,0,0,0,0,0,0,0,0,1,0,0,0,0,0,0,0,0,0,1,0,0,0,0,0,1,0
1,0.048501902760932,-0.6648766866375322,0,1,-0.08231443688302535,0,-0.9708199042854143,-0.1952212649974758,0,1,0,1,0,0,0,0,0,0,0,0,0,0,0,0,0,1,0,0,0,0,0,0,0,0,1,0
0,-0.06909656582058048,0.23222903401539735,1,0,-0.49388662129815225,0,0.3254319064781808,-0.1954133390319889,1,0,0,0,0,0,0,0,0,0,1,0,0,0,0,0,0,0,0,0,0,0,0,1,0,0,1,0
1,-0.8309738238102083,-0.5288156523385046,1,0,-0.49388662129815225,1,0.09292037091520411,-0.1954133390319889,0,1,0,0,0,0,0,0,1,0,0,0,0,0,0,0,0,0,0,0,1,0,0,0,0,0,1,0
1,-0.3535441436715893,-0.6155358720016211,0,0,-0.49388662129815225,1,-0.3721027002107493,-0.1954133390319889,0,1,0,0,1,0,0,0,0,0,0,0,0,0,0,0,0,0,0,0,1,0,0,0,0,0,1,0
1,-0.6550786784959802,-0.06680620620224584,1,0,-0.49388662129815225,1,-0.4883584679922377,-0.19157185834172652,1,0,0,0,0,0,0,0,0,0,0,0,0,0,0,1,0,0,0,0,1,0,0,0,0,0,1,0
0,1.2043842862544307,-0.5407770619472103,1,1,0.535043839739665,1,-1.0696373068996794,-0.08785187970464159,0,1,0,0,0,0,0,0,0,0,0,0,0,1,0,0,0,0,0,0,1,0,0,0,0,0,1,0
1,0.2917397608526074,-0.6529152770288265,1,1,-0.2881005290905888,0,0.09292037091520411,-0.13779112867805285,0,1,0,0,0,0,0,0,0,0,0,0,0,1,0,0,0,0,0,0,1,0,0,0,0,0,1,0
1,-0.9234444144896883,0.007952603852164964,0,0,-0.49388662129815225,1,-1.0696373068996794,-0.1954133390319889,0,1,0,0,0,0,0,0,0,0,1,0,0,0,0,0,0,0,0,1,0,0,0,0,0,1,0,0
0,-0.7978050249795253,-0.21632382631106742,1,1,-0.08231443688302535,1,-0.6046142357737261,-0.11858372522674082,1,0,0,0,0,0,0,0,0,0,0,0,0,1,0,0,0,0,0,0,1,0,0,0,0,0,1,0
0,0.10679857949364759,0.007952603852164964,1,1,0.535043839739665,1,-0.4941712563813121,-0.09937632177542881,0,1,0,0,0,0,0,0,0,0,0,0,1,0,0,0,0,0,1,0,0,0,0,0,0,0,1,0
0,0.559100381730234,1.727405235103613,1,1,2.387118669607736,0,-1.0696373068996794,0.24635694034818761,1,0,0,0,0,0,0,0,0,0,0,0,0,1,0,0,0,0,0,0,0,0,0,1,0,0,1,0
0,0.07362978066296458,0.8302995144506837,1,0,-0.49388662129815225,1,-1.0696373068996794,0.572882799020492,0,1,0,0,0,0,0,0,0,0,0,0,1,0,0,0,0,0,0,0,1,0,0,0,0,0,1,0
1,-0.5374802099144678,-0.6394586912190325,0,0,-0.49388662129815225,0,0.6741992098226459,-0.1954133390319889,0,1,0,0,0,0,0,0,0,0,1,0,0,0,0,0,0,0,0,0,1,0,0,0,0,0,1,0
0,-0.3786720215736219,-0.4032208514470944,1,0,-0.49388662129815225,0,1.022966513167111,-0.1954133390319889,0,1,0,0,0,0,0,0,0,0,0,0,0,0,0,0,1,0,0,0,0,0,0,1,0,0,1,0
1,1.5561745768828867,-0.5901178765831214,0,0,-0.49388662129815225,1,3.115570333233901,-0.1954133390319889,0,1,0,0,0,0,0,0,1,0,0,0,0,0,0,0,0,0,0,0,0,1,0,0,0,0,1,0
1,-0.15252112045532865,0.8302995144506837,1,1,0.12347165532453808,1,0.6160713259319017,0.24232338562341207,0,1,0,0,0,0,0,0,0,0,0,0,0,0,0,0,1,0,0,0,1,0,0,0,0,0,1,0
1,0.350036437585323,-0.6274972816103268,1,0,-0.49388662129815225,1,1.5054279494602876,-0.1954133390319889,0,1,0,0,0,0,0,0,1,0,0,0,0,0,0,0,0,0,0,0,1,0,0,0,0,0,1,0
1,-0.48722445411040266,-0.44060025647429985,0,0,-0.49388662129815225,0,-0.023335396866284254,-0.1954133390319889,0,1,0,0,0,0,1,0,0,0,0,0,0,0,0,0,0,0,0,0,1,0,0,0,0,0,1,0
1,-0.3364571866982072,0.08271141390657576,0,1,-0.08231443688302535,1,-0.1395911646477726,-0.18753830361695098,0,1,0,0,0,0,0,0,0,0,1,0,0,0,0,0,0,0,0,0,1,0,0,0,0,0,1,0
1,-0.8561017017122409,-0.41518226105580014,1,0,-0.49388662129815225,1,0.7904549776041343,-0.1954133390319889,0,1,0,0,0,0,0,0,0,0,1,0,0,0,0,0,0,0,0,0,0,1,0,0,0,1,0,0
1,-0.32841626576955674,-0.6394586912190325,0,1,-0.2881005290905888,0,-1.0696373068996794,-0.19426089482491019,0,1,0,0,0,0,0,0,0,0,0,1,0,0,0,0,0,0,0,0,1,0,0,0,0,0,1,0
1,-0.6219098796652972,0.8557175098691834,1,1,1.3581882085699186,0,1.2496652603410132,-0.03656811248963849,0,1,0,0,0,0,0,0,0,0,0,0,0,0,0,1,0,0,0,0,0,0,0,1,0,0,1,0
1,-0.3535441436715893,-0.2910826363654782,0,1,-0.2881005290905888,0,-1.0696373068996794,-0.19118771027270026,0,1,0,0,0,0,0,0,0,0,1,0,0,0,0,0,0,0,0,0,1,0,0,0,0,0,1,0
1,0.14901341436906232,3.2225814361918292,1,1,-0.2881005290905888,1,-1.0696373068996794,-0.1954133390319889,0,1,0,0,0,0,0,0,0,0,0,0,1,0,0,0,0,0,0,0,0,0,0,0,1,0,1,0
0,0.9531055072341049,-0.17894442128386204,1,1,0.7408299319472283,1,-0.8371257713367027,-0.08016891832411678,0,1,0,0,0,0,0,0,0,0,0,1,0,0,0,0,0,0,0,0,1,0,0,0,0,0,1,0
0,-0.8983165365876556,-0.6274972816103268,0,1,-0.2881005290905888,1,0.5114411349285622,-0.17466934330457193,0,1,0,0,0,0,0,0,0,1,0,0,0,0,0,0,0,0,0,0,0,0,0,1,0,0,1,0
0,-0.8229329028815578,-0.365841446419889,0,1,-0.2881005290905888,0,10.555939471249156,-0.19502919096296267,1,0,0,0,0,0,0,0,0,0,1,0,0,0,0,0,0,0,0,0,1,0,0,0,0,0,1,0
1,-0.6379917215225981,-0.48994107111021096,0,0,-0.49388662129815225,1,-1.0696373068996794,-0.1954133390319889,0,1,0,0,1,0,0,0,0,0,0,0,0,0,0,0,0,0,0,0,1,0,0,0,0,1,0,0
0,-0.7887589889347936,-0.5153590665287107,0,0,-0.49388662129815225,1,0.3254319064781808,-0.17294067699395385,0,1,0,0,0,0,0,0,1,0,0,0,0,0,0,0,0,0,0,0,1,0,0,0,0,0,1,0
1,-0.6550786784959802,-0.6529152770288265,0,0,-0.49388662129815225,0,-0.1395911646477726,-0.1954133390319889,1,0,0,0,0,0,0,0,0,0,0,1,0,0,0,0,0,0,0,0,1,0,0,0,0,1,0,0
1,2.0587321349235386,1.8769228552124348,1,1,1.3581882085699186,0,-1.0696373068996794,-0.1954133390319889,0,1,0,0,0,0,0,0,0,0,1,0,0,0,0,0,0,0,0,0,1,0,0,0,0,0,1,0
0,-0.8983165365876556,-0.6648766866375322,0,1,1.563974300777482,0,0.09292037091520411,-0.19195600641075275,0,1,0,1,0,0,0,0,0,0,0,0,0,0,0,0,0,1,0,0,0,0,0,0,0,0,1,0
1,-0.4037998994756545,0.6060230842874513,1,1,0.7408299319472283,0,0.11617152447150178,-0.1954133390319889,0,1,0,0,0,0,0,0,0,1,0,0,0,0,0,0,0,0,0,0,1,0,0,0,0,0,1,0
0,-0.3535441436715893,-0.6529152770288265,1,0,-0.49388662129815225,0,-0.4883584679922377,-0.1954133390319889,0,1,0,0,0,0,0,0,1,0,0,0,0,0,0,0,0,0,0,0,1,0,0,0,0,0,1,0
1,2.6869290824743532,-0.6394586912190325,0,0,-0.49388662129815225,0,0.7904549776041343,0.4868336315586142,0,1,0,0,0,0,0,0,0,0,0,1,0,0,0,0,0,0,0,0,1,0,0,0,0,0,1,0
1,-0.8390147447388587,-0.6648766866375322,0,0,-0.49388662129815225,0,-0.2267829904838889,-0.1954133390319889,0,1,0,1,0,0,0,0,0,0,0,0,0,0,0,0,0,1,0,0,0,0,0,0,0,0,1,0
0,-0.7897641040508749,-0.5407770619472103,0,1,-0.2881005290905888,1,0.09292037091520411,-0.1933005246523446,0,1,0,0,0,0,0,0,0,0,0,0,0,1,0,0,0,0,0,0,1,0,0,0,0,0,1,0
1,-0.052009608847198324,1.0545759446139162,0,0,-0.49388662129815225,1,3.0632552377322315,-0.1954133390319889,0,1,0,0,0,0,0,0,0,0,0,0,0,0,0,0,1,0,0,0,0,0,0,1,0,1,0,0
0,3.2648702742211024,2.3254757155388996,1,1,2.1813325774001724,0,-1.0696373068996794,1.0914826922059166,0,1,0,0,0,1,0,0,0,0,0,0,0,0,0,0,0,0,0,0,0,1,0,0,0,0,1,0
1,-0.7807180680061432,-0.37780285602859476,1,1,0.12347165532453808,1,1.23222689517379,-0.1954133390319889,0,1,0,0,0,0,0,0,0,1,0,0,0,0,0,0,0,0,0,0,1,0,0,0,0,0,1,0
1,-0.8309738238102083,-0.5901178765831214,0,0,-0.49388662129815225,0,1.1392222809485992,0.19065547033938274,0,1,0,0,0,0,1,0,0,0,0,0,0,0,0,0,0,0,0,0,1,0,0,0,0,0,1,0
0,-0.3535441436715893,-0.6648766866375322,0,0,-0.49388662129815225,0,-0.1395911646477726,-0.19157185834172652,1,0,0,0,0,0,0,1,0,0,0,0,0,0,0,0,0,0,0,1,0,0,0,0,0,0,1,0
1,0.350036437585323,-0.22828523591977318,1,1,0.9466160241547917,0,-0.6046142357737261,0.37197335891976824,0,1,0,0,0,0,0,0,0,0,0,1,0,0,0,0,0,0,0,0,0,0,0,1,0,0,1,0
1,0.24952492597719264,-0.2791212267567725,1,1,0.535043839739665,1,-0.44185616087964236,0.015291876828903974,0,1,0,0,0,0,0,0,0,1,0,0,0,0,0,0,0,0,0,0,1,0,0,0,0,0,1,0
1,-0.2952474669388737,-0.5646998811646218,0,0,-0.49388662129815225,1,-0.255846932429261,-0.19502919096296267,0,1,0,0,0,1,0,0,0,0,0,0,0,0,0,0,0,0,0,0,1,0,0,0,0,0,1,0
1,0.4505479491934533,-0.17894442128386204,0,0,-0.49388662129815225,0,-0.1395911646477726,-0.19502919096296267,1,0,0,0,0,0,0,0,0,0,1,0,0,0,0,0,0,0,0,0,1,0,0,0,0,0,1,0
1,-0.9566132133203712,-0.5901178765831214,0,0,-0.49388662129815225,0,-0.7208700035552144,-0.1954133390319889,1,0,0,0,0,0,0,0,1,0,0,0,0,0,0,0,0,0,0,0,1,0,0,0,0,0,1,0
0,0.350036437585323,-0.5153590665287107,1,1,0.12347165532453808,1,-0.2267829904838889,-0.1954133390319889,0,1,0,0,0,0,0,0,0,0,0,0,0,1,0,0,0,0,0,0,1,0,0,0,0,0,1,0
1,2.0587321349235386,0.9304763199235943,1,1,1.7697603929850454,0,-1.0696373068996794,0.24309168176146456,0,1,0,0,0,0,0,0,0,0,1,0,0,0,0,0,0,0,0,0,0,0,0,1,0,0,1,0
0,-0.5545671668878499,-0.6648766866375322,0,0,-0.49388662129815225,1,0.5346922884848598,-0.1952212649974758,0,1,0,0,0,0,0,1,0,0,0,0,0,0,0,0,0,0,0,1,0,0,0,0,0,0,1,0
1,-0.28620143089414196,0.5312642742330406,1,1,2.387118669607736,0,1.1566606461158226,0.06273416335364466,0,1,0,0,0,0,0,0,0,0,0,1,0,0,0,0,0,0,0,0,1,0,0,0,0,0,1,0
1,0.24952492597719264,-0.365841446419889,1,1,0.12347165532453808,0,-1.0696373068996794,-0.1954133390319889,0,1,0,0,0,0,0,0,0,0,1,0,0,0,0,0,0,0,0,0,1,0,0,0,0,0,1,0
0,-0.8812295796142735,-0.48994107111021096,1,1,0.3292577475321015,0,-0.6046142357737261,-0.1954133390319889,0,1,0,0,0,0,0,0,0,0,0,0,0,1,0,0,0,0,0,0,1,0,0,0,0,0,1,0
1,2.6115454487682555,-0.6648766866375322,1,0,-0.49388662129815225,1,-1.0696373068996794,-0.1954133390319889,0,1,0,1,0,0,0,0,0,0,0,0,0,0,0,0,0,1,0,0,0,0,0,0,0,0,1,0
1,1.355151553666626,-0.21632382631106742,0,0,-0.49388662129815225,1,-1.0696373068996794,0.572882799020492,1,0,0,0,0,0,0,0,0,1,0,0,0,0,0,0,0,0,0,0,1,0,0,0,0,0,1,0
0,-0.7053344343000454,-0.6648766866375322,0,1,-0.2881005290905888,0,-0.534860775104833,-0.13779112867805285,0,1,0,1,0,0,0,0,0,0,0,0,0,0,0,0,0,1,0,0,0,0,0,0,0,0,1,0
0,0.7691694409912266,-0.44060025647429985,1,1,0.9466160241547917,0,-0.5116096215485354,-0.1954133390319889,0,1,0,0,0,0,0,0,0,0,0,0,0,0,0,1,0,0,0,0,0,0,0,1,0,0,1,0
0,-0.9566132133203712,-0.6648766866375322,0,0,-0.49388662129815225,0,-8.424330998658097e-05,-0.1954133390319889,0,1,0,0,0,0,0,0,0,0,1,0,0,0,0,0,0,0,0,0,1,0,0,0,0,0,0,1
1,-0.9485722923917208,0.6060230842874513,0,0,-0.49388662129815225,1,1.6042453520745528,-0.1954133390319889,1,0,0,0,1,0,0,0,0,0,0,0,0,0,0,0,0,0,0,0,1,0,0,0,0,0,1,0
0,0.7520824840178443,-0.14156501625665663,1,1,1.563974300777482,0,-0.6046142357737261,-0.005260044863999891,0,1,0,0,0,0,0,0,0,0,0,0,0,1,0,0,0,0,0,0,1,0,0,0,0,0,1,0
0,-0.7053344343000454,-0.5901178765831214,0,0,-0.49388662129815225,1,-0.3721027002107493,-0.04002544511087465,0,1,0,0,0,0,0,0,0,0,0,0,0,1,0,0,0,0,0,0,1,0,0,0,0,0,1,0
1,1.5813024547849195,-0.6274972816103268,0,1,-0.08231443688302535,0,-1.0696373068996794,0.8709817005848546,0,1,0,0,0,0,0,0,0,0,1,0,0,0,0,0,0,0,0,0,1,0,0,0,0,0,1,0
0,-0.7385032331307284,-0.365841446419889,0,0,-0.49388662129815225,0,0.5579434420411575,-0.19291637658331837,1,0,0,0,0,0,0,0,0,0,0,0,0,0,0,0,1,0,0,0,1,0,0,0,0,0,1,0
0,0.24952492597719264,-0.2910826363654782,0,0,-0.49388662129815225,0,0.5114411349285622,-0.1954133390319889,0,1,0,0,1,0,0,0,0,0,0,0,0,0,0,0,0,0,0,0,1,0,0,0,0,0,1,0
1,-0.6550786784959802,-0.552738471555916,1,0,-0.49388662129815225,1,0.4416876742596692,0.009145507724484126,1,0,0,0,0,0,0,0,0,0,0,1,0,0,0,0,0,0,0,0,1,0,0,0,0,0,1,0
1,1.2375530850851135,-0.48994107111021096,0,1,-0.08231443688302535,1,0.09292037091520411,-0.19406882079039708,0,1,0,0,0,0,0,0,0,0,1,0,0,0,0,0,0,0,0,0,0,1,0,0,0,0,1,0
1,-0.4711426122531018,-0.6274972816103268,0,1,-0.08231443688302535,0,0.20917613869669247,-0.1952212649974758,0,1,0,0,0,0,0,0,0,0,0,1,0,0,0,0,0,0,0,0,1,0,0,0,0,0,1,0
1,-0.9566132133203712,-0.4660182518927995,0,0,-0.49388662129815225,0,-0.1395911646477726,-0.1952212649974758,0,1,0,0,0,0,0,0,0,0,0,0,0,1,0,0,0,0,0,0,1,0,0,0,0,0,1,0
0,-0.2027768762593938,-0.3404234510013894,1,1,-0.2881005290905888,1,1.0869071854469297,-0.1954133390319889,0,1,0,0,0,0,0,0,0,0,1,0,0,0,0,0,0,0,0,0,1,0,0,0,0,0,1,0
1,-0.10226536465126349,0.30698784406980817,1,1,-0.08231443688302535,0,0.523066711706711,-0.07824817797898558,0,1,0,0,0,1,0,0,0,0,0,0,0,0,0,0,0,0,0,0,0,1,0,0,0,0,1,0
0,-0.3535441436715893,-0.06680620620224584,0,0,-0.49388662129815225,0,-0.023335396866284254,-0.1954133390319889,1,0,0,0,0,0,0,0,1,0,0,0,0,0,0,0,0,0,0,0,1,0,0,0,0,0,1,0
1,0.9782333851361374,1.9262636698483457,1,1,0.535043839739665,0,-1.0696373068996794,-0.1954133390319889,0,1,0,0,0,0,0,0,0,0,0,0,1,0,0,0,0,0,0,0,1,0,0,0,0,0,1,0
1,-0.7555901901041105,-0.5153590665287107,0,0,-0.49388662129815225,0,0.09292037091520411,-0.1954133390319889,0,1,0,0,0,0,0,0,1,0,0,0,0,0,0,0,0,0,0,0,1,0,0,0,0,0,1,0
1,-0.5213983680571669,-0.6648766866375322,0,0,-0.49388662129815225,0,-0.3721027002107493,-0.1954133390319889,1,0,0,0,0,0,1,0,0,0,0,0,0,0,0,0,0,1,0,0,0,0,0,0,0,0,1,0
0,0.048501902760932,-0.6648766866375322,0,0,-0.49388662129815225,0,-1.0696373068996794,-0.1954133390319889,1,0,0,1,0,0,0,0,0,0,0,0,0,0,0,0,0,1,0,0,0,0,0,0,0,0,1,0
0,2.259755158139799,-0.6648766866375322,1,1,2.592904761815299,0,-1.0696373068996794,-0.1479710525072482,0,1,0,0,0,0,0,1,0,0,0,0,0,0,0,0,0,1,0,0,0,0,0,0,0,0,1,0
1,-0.9234444144896883,0.30698784406980817,1,1,-0.2881005290905888,1,1.441487277180469,1.341178937072973,1,0,0,0,0,0,0,0,0,0,1,0,0,0,0,0,0,0,0,0,0,0,0,1,0,0,1,0
0,1.4224942664440736,1.129334754668327,1,0,-0.49388662129815225,0,0.9067107453856226,-0.1954133390319889,0,1,0,0,0,0,0,0,0,0,1,0,0,0,0,0,0,0,0,0,0,0,0,1,0,0,1,0
0,0.14901341436906232,0.9798171345595054,0,0,-0.49388662129815225,1,-0.4883584679922377,-0.1954133390319889,0,1,0,0,0,0,1,0,0,0,0,0,0,0,0,0,0,0,0,0,1,0,0,0,0,1,0,0
0,-0.8219277877654766,-0.14156501625665663,1,0,-0.49388662129815225,0,1.2554780487300876,-0.1954133390319889,0,1,0,0,0,0,0,0,1,0,0,0,0,0,0,0,0,0,0,0,0,0,0,1,0,0,1,0
1,1.2797679199605285,-0.5273204761374164,1,1,-0.2881005290905888,0,-0.4883584679922377,-0.1954133390319889,0,1,0,0,0,0,0,0,0,0,0,0,0,0,0,0,1,0,0,0,0,0,0,1,0,0,1,0
0,1.304895797862561,-0.6648766866375322,0,0,-0.49388662129815225,0,-8.424330998658097e-05,0.8033716404362363,0,1,0,1,0,0,0,0,0,0,0,0,0,0,0,0,0,1,0,0,0,0,0,0,0,0,1,0
0,-0.8480607807835905,-0.6529152770288265,1,0,-0.49388662129815225,0,1.4879895842930644,1.9513981447211557,0,1,0,0,0,0,0,0,0,0,0,0,0,0,0,1,0,0,0,0,1,0,0,0,0,0,1,0
1,-0.6550786784959802,-0.10418561122945123,1,1,0.7408299319472283,0,0.09292037091520411,-0.1326051297461986,0,1,0,0,1,0,0,0,0,0,0,0,0,0,0,0,0,0,0,0,0,0,0,1,0,0,1,0
1,-0.9314853354183387,-0.21632382631106742,0,0,-0.49388662129815225,1,0.2789295993655855,-0.17370897313200634,1,0,0,0,0,0,0,0,0,0,1,0,0,0,0,0,0,0,0,0,1,0,0,0,0,0,1,0
1,-0.7053344343000454,-0.5901178765831214,0,0,-0.49388662129815225,0,0.23242729225299014,-0.1954133390319889,1,0,0,0,0,0,1,0,0,0,0,0,0,0,0,0,0,0,0,0,1,0,0,0,0,0,1,0
0,-0.8561017017122409,-0.2910826363654782,1,1,-0.2881005290905888,0,-1.0696373068996794,-0.06518714363209341,0,1,0,0,0,0,0,0,0,0,0,0,0,1,0,0,0,0,0,0,0,0,0,1,0,0,1,0
1,-0.906357457516306,-0.5901178765831214,0,0,-0.49388662129815225,0,0.5579434420411575,-0.1562302359913124,1,0,0,0,0,0,0,0,0,0,1,0,0,0,0,0,0,0,0,0,0,0,0,1,0,0,1,0
1,2.159243646531669,-0.5153590665287107,1,0,-0.49388662129815225,0,-0.3721027002107493,-0.1954133390319889,0,1,0,0,0,0,0,0,0,0,1,0,0,0,0,0,0,0,0,0,1,0,0,0,0,0,1,0
1,-0.3535441436715893,-0.2791212267567725,1,1,-0.2881005290905888,0,0.4416876742596692,-0.04175411142149273,0,1,0,0,0,0,0,0,0,1,0,0,0,0,0,0,0,0,0,0,1,0,0,0,0,0,1,0
1,-0.6048229226919151,-0.5901178765831214,1,0,-0.49388662129815225,1,-0.11634001109147493,-0.11858372522674082,1,0,0,0,0,0,0,0,0,0,1,0,0,0,0,0,0,0,0,0,0,1,0,0,0,0,1,0
0,-0.052009608847198324,-0.365841446419889,0,0,-0.49388662129815225,1,1.022966513167111,-0.19426089482491019,0,1,0,0,0,0,0,0,0,0,0,1,0,0,0,0,0,0,0,0,1,0,0,0,0,0,1,0
1,-0.1947359553307434,-0.3165006317839779,1,0,-0.49388662129815225,1,0.09292037091520411,-0.1954133390319889,0,1,0,0,0,0,0,0,0,0,0,1,0,0,0,0,0,0,0,0,1,0,0,0,0,0,1,0
0,-0.8058459459081757,0.15747022396098656,1,1,-0.2881005290905888,0,0.8660212266621017,-0.024083300246285674,0,1,0,0,0,0,0,0,0,0,0,0,0,1,0,0,0,0,0,0,0,0,0,1,0,0,1,0
1,-0.15252112045532865,-0.21632382631106742,0,0,-0.49388662129815225,1,-0.3721027002107493,-0.1954133390319889,1,0,0,0,0,0,0,0,0,0,0,0,0,0,0,1,0,0,0,0,1,0,0,0,0,0,1,0
0,1.1872973292810485,-0.6394586912190325,0,1,1.975546485192609,1,-0.3197876047090796,-0.19483711692844954,0,1,0,0,0,0,0,0,0,0,0,0,0,1,0,0,0,0,0,0,0,0,0,1,0,0,1,0
1,-0.6470377575673298,0.45650546417862975,1,1,0.535043839739665,1,-0.4883584679922377,-0.19483711692844954,0,1,0,0,0,0,0,0,0,0,0,1,0,0,0,0,0,0,0,0,1,0,0,0,0,0,1,0
1,2.159243646531669,-0.6648766866375322,1,1,3.6218352228531168,0,-0.18609347176036795,-0.1704437145452833,0,1,0,0,0,0,0,0,0,0,0,0,1,0,0,0,0,0,0,0,0,0,0,0,1,0,1,0
1,-0.8058459459081757,-0.14156501625665663,1,1,0.535043839739665,1,0.9764642060545157,-0.06288225521793596,0,1,0,0,0,0,0,0,0,0,1,0,0,0,0,0,0,0,0,0,1,0,0,0,0,0,1,0
1,1.5561745768828867,-0.4032208514470944,1,0,-0.49388662129815225,1,0.4416876742596692,-0.1954133390319889,0,1,0,0,0,0,0,0,0,0,0,1,0,0,0,0,0,0,0,0,1,0,0,0,0,0,1,0
1,0.14901341436906232,0.9798171345595054,1,1,1.975546485192609,1,1.301980355842683,-0.0033393045188686884,0,1,0,0,0,0,0,0,0,0,0,0,0,1,0,0,0,0,0,0,0,0,0,1,0,0,1,0
1,-0.8561017017122409,-0.14156501625665663,1,1,1.7697603929850454,0,-0.8836280784492981,-0.09169336039490399,0,1,0,0,0,0,0,0,0,0,1,0,0,0,0,0,0,0,0,0,1,0,0,0,0,0,1,0
1,-0.8641426226408914,-0.6274972816103268,0,0,-0.49388662129815225,1,0.5579434420411575,-0.18484926713376731,0,1,0,0,0,0,1,0,0,0,0,0,0,0,0,0,0,0,0,0,1,0,0,0,0,0,1,0
1,-0.763631111032761,0.08271141390657576,1,0,-0.49388662129815225,0,1.8948847715282737,-0.08016891832411678,0,1,0,0,0,0,0,0,0,0,0,0,0,0,0,0,1,0,0,0,1,0,0,0,0,0,1,0
1,-0.5545671668878499,-0.5901178765831214,0,0,-0.49388662129815225,1,0.2149889270857669,-0.1954133390319889,0,1,0,0,0,1,0,0,0,0,0,0,0,0,0,0,0,0,0,0,1,0,0,0,0,0,1,0
1,1.6235172896603345,-0.5153590665287107,0,0,-0.49388662129815225,0,-1.0696373068996794,-0.19502919096296267,0,1,0,0,0,0,0,0,0,0,0,0,0,0,0,1,0,0,0,0,1,0,0,0,0,0,1,0
1,-0.5877359657185329,0.631441079705951,1,0,-0.49388662129815225,0,0.4416876742596692,-0.15699853212936488,0,1,0,0,0,0,0,0,0,0,1,0,0,0,0,0,0,0,0,0,0,0,0,1,0,0,1,0
1,-0.906357457516306,-0.6274972816103268,0,0,-0.49388662129815225,0,0.09292037091520411,-0.1954133390319889,0,1,0,0,0,0,0,0,0,0,0,0,0,1,0,0,0,0,0,0,1,0,0,0,0,0,1,0
1,-0.8812295796142735,-0.06680620620224584,1,1,-0.08231443688302535,1,-0.6046142357737261,-0.1954133390319889,0,1,0,0,0,0,0,0,0,0,0,0,0,1,0,0,0,0,0,0,1,0,0,0,0,0,1,0
1,-0.9485722923917208,-0.6529152770288265,1,0,-0.49388662129815225,0,-1.0696373068996794,0.3808087645073718,0,1,0,0,0,0,0,0,0,0,0,0,0,0,0,0,1,0,0,0,0,0,0,1,0,0,1,0
1,0.4505479491934533,-0.6648766866375322,0,0,-0.49388662129815225,0,-1.0696373068996794,-0.19310845061783147,0,1,0,0,0,0,0,0,0,0,0,0,1,0,0,0,0,0,0,0,0,0,0,0,1,0,1,0
1,-0.2952474669388737,0.38174665412421893,0,0,-0.49388662129815225,1,1.2554780487300876,-0.1954133390319889,0,1,0,0,0,0,0,0,0,1,0,0,0,0,0,0,0,0,0,0,1,0,0,0,0,1,0,0
0,-0.9143983784449565,-0.6274972816103268,0,0,-0.49388662129815225,0,0.09292037091520411,-0.1952212649974758,0,1,0,0,0,0,0,0,1,0,0,0,0,0,0,0,0,0,0,0,1,0,0,0,0,0,1,0
1,-0.8400198598549401,-0.5781564669744157,0,1,-0.2881005290905888,0,0.9067107453856226,0.3429701797082871,0,1,0,0,0,0,0,0,0,0,0,1,0,0,0,0,0,0,0,0,1,0,0,0,0,0,1,0
1,-0.052009608847198324,-0.365841446419889,1,0,-0.49388662129815225,1,0.3254319064781808,-0.1954133390319889,0,1,0,0,0,0,0,0,1,0,0,0,0,0,0,0,0,0,0,0,1,0,0,0,0,0,1,0
0,-0.9566132133203712,-0.6648766866375322,0,0,-0.49388662129815225,0,-8.424330998658097e-05,-0.1954133390319889,0,1,0,0,0,0,0,0,0,0,1,0,0,0,0,0,0,0,0,0,1,0,0,0,0,0,0,1
1,-0.9154034935610378,0.8676789194778891,1,0,-0.49388662129815225,0,1.2554780487300876,-0.1954133390319889,0,1,0,0,0,1,0,0,0,0,0,0,0,0,0,0,0,0,0,0,0,0,0,1,0,0,1,0
0,1.2546400420584958,0.23222903401539735,1,0,-0.49388662129815225,1,0.48818998137226455,-0.1954133390319889,1,0,0,0,0,0,0,0,0,0,0,0,0,1,0,0,0,0,0,0,1,0,0,0,0,0,1,0
1,-0.5545671668878499,-0.6155358720016211,0,1,-0.08231443688302535,0,0.7904549776041343,0.05428290583506738,0,1,0,0,0,0,0,0,0,0,0,0,1,0,0,0,0,0,1,0,0,0,0,0,0,0,1,0
1,-0.8561017017122409,0.8302995144506837,1,0,-0.49388662129815225,1,0.7904549776041343,-0.1954133390319889,0,1,0,0,0,1,0,0,0,0,0,0,0,0,0,0,0,0,0,0,0,0,0,1,0,0,1,0
0,1.4054073094706914,-0.5153590665287107,1,1,-0.08231443688302535,1,0.6741992098226459,-0.08958054601525967,0,1,0,0,0,0,0,0,0,0,0,0,0,0,0,0,1,0,0,0,0,0,0,1,0,0,1,0
1,-0.6882474773266632,-0.6274972816103268,0,0,-0.49388662129815225,1,1.4879895842930644,0.6689198162770521,0,1,0,0,0,1,0,0,0,0,0,0,0,0,0,0,0,0,0,0,0,1,0,0,0,0,1,0
1,1.355151553666626,0.38174665412421893,1,1,1.3581882085699186,0,-0.744121157111512,-0.05289440542325371,0,1,0,0,0,1,0,0,0,0,0,0,0,0,0,0,0,0,0,0,1,0,0,0,0,0,1,0
1,-0.7807180680061432,-0.552738471555916,0,1,-0.08231443688302535,1,-0.05821212720073076,-0.19483711692844954,0,1,0,0,0,0,1,0,0,0,0,0,0,0,0,0,0,0,0,0,1,0,0,0,0,0,1,0
0,0.8525939956259746,-0.2537032313382728,1,0,-0.49388662129815225,1,-1.0696373068996794,-0.1954133390319889,0,1,0,0,0,0,0,0,1,0,0,0,0,0,0,0,0,0,0,0,1,0,0,0,0,0,1,0
1,-0.7385032331307284,-0.21632382631106742,0,0,-0.49388662129815225,0,-0.44185616087964236,-0.19406882079039708,0,1,0,0,0,0,0,0,0,0,0,0,0,1,0,0,0,0,0,0,1,0,0,0,0,0,1,0
1,2.292923956970482,0.23222903401539735,1,1,1.3581882085699186,0,0.383559790368925,-0.05519929383741115,0,1,0,0,1,0,0,0,0,0,0,0,0,0,0,0,0,0,0,0,1,0,0,0,0,0,1,0
0,-0.5545671668878499,1.2788523747771483,0,1,-0.2881005290905888,0,-1.0696373068996794,-0.19349259868685773,0,1,0,1,0,0,0,0,0,0,0,0,0,0,0,0,0,1,0,0,0,0,0,0,0,0,1,0
1,-0.6470377575673298,-0.6274972816103268,1,0,-0.49388662129815225,1,0.4416876742596692,-0.1954133390319889,0,1,0,0,0,0,0,0,0,0,0,0,0,1,0,0,0,0,0,0,1,0,0,0,0,0,1,0
0,1.857709111707278,-0.6648766866375322,1,1,1.7697603929850454,1,-1.0696373068996794,0.0734903092863794,0,1,0,1,0,0,0,0,0,0,0,0,0,0,0,0,0,1,0,0,0,0,0,0,0,0,1,0
1,-0.7475492691754602,-0.5153590665287107,1,1,1.563974300777482,1,-0.30234923954185633,-0.19003526606562154,1,0,0,0,0,1,0,0,0,0,0,0,0,0,0,0,0,0,0,0,0,1,0,0,0,0,1,0
1,0.350036437585323,1.129334754668327,1,0,-0.49388662129815225,1,0.9648386292763668,-0.1954133390319889,0,1,0,0,0,0,0,0,0,0,0,0,0,1,0,0,0,0,0,0,0,0,0,1,0,0,1,0
0,1.355151553666626,0.23222903401539735,0,0,-0.49388662129815225,1,-0.9533815391181911,-0.19234015447977898,1,0,0,0,0,0,1,0,0,0,0,0,0,0,0,0,0,0,0,0,0,0,0,1,0,0,1,0
1,0.9028497514300398,-0.16698301167515628,1,1,0.12347165532453808,1,-0.8371257713367027,-0.19003526606562154,0,1,0,0,0,0,0,0,0,0,1,0,0,0,0,0,0,0,0,0,1,0,0,0,0,0,1,0
1,0.5761873387036162,3.9701695367359373,1,1,1.975546485192609,0,-1.0696373068996794,-0.04367485176662394,0,1,0,0,0,0,0,0,0,0,0,1,0,0,0,0,0,0,0,0,0,0,0,1,0,0,1,0
1,-0.6550786784959802,0.04533200887937036,1,1,0.12347165532453808,1,-1.0696373068996794,-0.08362625094535295,0,1,0,0,0,0,0,0,0,0,0,0,0,1,0,0,0,0,0,0,1,0,0,0,0,0,1,0
1,1.857709111707278,-0.6648766866375322,0,1,-0.08231443688302535,0,-0.1395911646477726,-0.1952212649974758,1,0,0,1,0,0,0,0,0,0,0,0,0,0,0,0,0,1,0,0,0,0,0,0,0,0,1,0
1,-0.8892705005429239,-0.6394586912190325,0,0,-0.49388662129815225,0,-0.023335396866284254,-0.1954133390319889,1,0,0,0,0,0,0,0,0,0,0,0,0,0,0,1,0,0,0,0,1,0,0,0,0,0,1,0
1,-0.8641426226408914,0.12009081893378117,1,1,0.7408299319472283,1,0.13942267802779945,-0.1287636490559362,1,0,0,0,0,0,0,0,0,0,0,1,0,0,0,0,0,0,0,0,1,0,0,0,0,0,1,0
1,-0.8892705005429239,-0.5781564669744157,0,0,-0.49388662129815225,0,0.09292037091520411,-0.1954133390319889,1,0,0,0,0,0,1,0,0,0,0,0,0,0,0,0,0,0,0,0,1,0,0,0,0,1,0,0
0,0.7520824840178443,-0.6155358720016211,0,0,-0.49388662129815225,0,-1.0696373068996794,-0.12799535291788372,0,1,0,0,0,0,0,0,0,0,1,0,0,0,0,0,0,0,0,0,1,0,0,0,0,0,1,0
0,2.3602666697479298,2.6245109557565427,1,0,-0.49388662129815225,1,-0.9475687507291167,1.8330805394610736,0,1,0,0,0,0,0,0,0,0,0,0,0,1,0,0,0,0,0,0,1,0,0,0,0,0,1,0
1,0.048501902760932,1.8769228552124348,1,0,-0.49388662129815225,0,-1.0696373068996794,-0.1954133390319889,1,0,0,0,0,0,0,0,1,0,0,0,0,0,0,0,0,0,0,0,1,0,0,0,0,0,1,0
0,1.5220006629361225,0.38174665412421893,1,1,0.7408299319472283,0,1.2554780487300876,-0.10744343122497985,0,1,0,0,0,0,0,0,0,0,0,0,0,0,0,1,0,0,0,0,0,0,0,1,0,0,1,0
1,1.00336126303817,-0.5901178765831214,1,0,-0.49388662129815225,0,-0.255846932429261,-0.1954133390319889,0,1,0,0,0,0,0,0,0,0,1,0,0,0,0,0,0,0,0,0,1,0,0,0,0,0,1,0
1,-0.9566132133203712,-0.6648766866375322,0,0,-0.49388662129815225,0,-8.424330998658097e-05,-0.1954133390319889,0,1,0,0,0,0,0,0,0,0,1,0,0,0,0,0,0,0,0,0,1,0,0,0,0,0,0,1
0,1.7571976000991476,-0.06680620620224584,0,1,-0.2881005290905888,1,0.09292037091520411,-0.1952212649974758,1,0,0,1,0,0,0,0,0,0,0,0,0,0,0,0,0,1,0,0,0,0,0,0,0,0,1,0
1,-0.026881730945165747,0.7047047135592737,1,0,-0.49388662129815225,0,-1.0696373068996794,-0.1954133390319889,0,1,0,0,0,0,0,0,0,0,0,0,0,1,0,0,0,0,0,0,1,0,0,0,0,1,0,0
1,-0.6048229226919151,-0.365841446419889,1,1,0.535043839739665,1,-0.1395911646477726,0.9141983583503067,1,0,0,0,0,0,0,0,0,0,1,0,0,0,0,0,0,0,0,0,1,0,0,0,0,0,1,0
1,0.4585888701221037,3.5216166764094723,1,1,0.7408299319472283,1,1.022966513167111,0.06042927493948723,0,1,0,0,0,0,0,0,0,1,0,0,0,0,0,0,0,0,0,0,1,0,0,0,0,0,1,0
1,1.355151553666626,0.8302995144506837,1,1,0.535043839739665,0,-1.0696373068996794,1.5046339404436382,0,1,0,1,0,0,0,0,0,0,0,0,0,0,0,0,0,1,0,0,0,0,0,0,0,0,1,0
1,1.0536170188422351,-0.6648766866375322,1,1,1.7697603929850454,0,-1.0696373068996794,0.04448713007489825,0,1,0,0,0,1,0,0,0,0,0,0,0,0,0,0,0,0,0,0,0,1,0,0,0,0,1,0
1,-0.8561017017122409,-0.5901178765831214,1,0,-0.49388662129815225,0,0.6044457491537529,-0.1954133390319889,0,1,0,0,0,0,0,0,0,1,0,0,0,0,0,0,0,0,0,0,1,0,0,0,0,1,0,0
1,-0.5465262459591995,-0.06680620620224584,1,1,0.12347165532453808,1,1.081094397057855,-0.08785187970464159,1,0,0,0,0,0,0,0,1,0,0,0,0,0,0,0,0,0,0,0,1,0,0,0,0,0,1,0
1,0.350036437585323,0.26960843904260273,1,1,1.1524021163623552,0,0.8485828614948784,0.035075502383755355,0,1,0,0,0,0,0,0,0,0,0,0,0,0,0,1,0,0,0,0,1,0,0,0,0,0,1,0
1,-0.5465262459591995,-0.21632382631106742,0,0,-0.49388662129815225,0,-0.3721027002107493,-0.1952212649974758,1,0,0,1,0,0,0,0,0,0,0,0,0,0,0,0,0,1,0,0,0,0,0,0,0,0,1,0
0,1.2546400420584958,0.6807818943418621,1,0,-0.49388662129815225,0,-0.3721027002107493,-0.1954133390319889,1,0,0,0,0,0,0,0,1,0,0,0,0,0,0,0,0,0,0,0,1,0,0,0,0,0,1,0
1,-0.8058459459081757,-0.6529152770288265,0,0,-0.49388662129815225,0,0.3254319064781808,-0.1954133390319889,1,0,0,0,0,0,0,0,0,0,1,0,0,0,0,0,0,0,0,0,1,0,0,0,0,0,1,0
0,-0.8812295796142735,-0.552738471555916,0,0,-0.49388662129815225,0,0.6741992098226459,-0.18696208151341162,0,1,0,0,0,0,0,0,0,0,0,0,0,0,0,1,0,0,0,0,1,0,0,0,0,0,1,0
1,-0.8058459459081757,-0.5901178765831214,1,0,-0.49388662129815225,0,0.9590258408872924,-0.19099563623818716,0,1,0,0,0,0,0,0,0,0,1,0,0,0,0,0,0,0,0,0,0,1,0,0,0,0,1,0
0,-0.7475492691754602,0.08271141390657576,1,1,0.535043839739665,1,0.6741992098226459,0.07925253032177301,0,1,0,0,0,0,0,0,0,0,1,0,0,0,0,0,0,0,0,0,1,0,0,0,0,0,1,0
0,-0.8812295796142735,2.3254757155388996,0,0,-0.49388662129815225,1,0.6741992098226459,-0.1954133390319889,0,0,1,0,0,0,0,0,0,0,0,0,0,0,0,1,0,1,0,0,0,0,0,0,0,1,0,0
1,0.4505479491934533,-0.17894442128386204,1,1,0.12347165532453808,0,0.09292037091520411,0.07176164297576132,0,1,0,0,0,0,0,0,0,0,1,0,0,0,0,0,0,0,0,0,1,0,0,0,0,0,1,0
1,3.465893297437363,-0.6648766866375322,0,0,-0.49388662129815225,1,1.5461174681838086,19.011990112280035,0,0,1,1,0,0,0,0,0,0,0,0,0,0,0,0,0,0,0,0,0,0,1,0,0,0,0,1
1,0.40029219338938815,-0.6529152770288265,0,0,-0.49388662129815225,0,-0.255846932429261,-0.1954133390319889,1,0,0,0,0,0,0,0,0,1,0,0,0,0,0,0,0,0,0,0,1,0,0,0,0,0,1,0
1,-0.45405565527971964,0.08271141390657576,1,1,1.975546485192609,1,1.3136059326208318,0.28669248759594285,0,1,0,0,0,0,0,0,0,1,0,0,0,0,0,0,0,0,0,0,0,1,0,0,0,0,1,0
1,0.7520824840178443,1.42836999488597,1,1,0.12347165532453808,0,-1.0696373068996794,-0.1954133390319889,0,1,0,0,0,0,0,0,0,0,0,0,1,0,0,0,0,0,0,0,0,0,0,1,0,0,1,0
1,-0.15252112045532865,-0.14156501625665663,1,1,-0.08231443688302535,1,-0.3721027002107493,-0.0033393045188686884,1,0,0,0,0,0,0,0,0,0,0,1,0,0,0,0,0,0,0,0,1,0,0,0,0,0,1,0
1,0.9531055072341049,-0.365841446419889,1,0,-0.49388662129815225,1,-0.7208700035552144,-0.11858372522674082,0,1,0,0,0,0,0,0,0,0,0,0,0,1,0,0,0,0,0,0,1,0,0,0,0,0,1,0
0,1.3883203524973091,-0.6394586912190325,0,0,-0.49388662129815225,0,0.7904549776041343,-0.19445296885942331,0,1,0,0,0,0,1,0,0,0,0,0,0,0,0,0,0,0,0,0,0,0,0,1,0,0,1,0
1,1.0536170188422351,-0.6155358720016211,0,1,-0.2881005290905888,0,-0.3721027002107493,-0.1952212649974758,0,1,0,0,0,0,0,0,0,0,0,1,0,0,0,0,0,0,0,0,0,0,0,1,0,0,1,0
1,-0.45405565527971964,0.23222903401539735,0,0,-0.49388662129815225,0,0.09292037091520411,-0.1954133390319889,1,0,0,0,0,0,0,0,0,0,0,1,0,0,0,0,0,0,0,0,1,0,0,0,0,1,0,0
1,-0.253032632063459,0.38174665412421893,1,1,0.12347165532453808,1,0.842770073105804,-0.1954133390319889,0,1,0,0,0,0,0,0,0,0,0,1,0,0,0,0,0,0,0,0,1,0,0,0,0,0,1,0
1,-0.8058459459081757,-0.44060025647429985,0,0,-0.49388662129815225,1,-0.30234923954185633,-0.19502919096296267,1,0,0,0,0,0,0,0,0,0,0,0,0,0,1,0,0,0,0,0,0,0,1,0,0,0,1,0
1,1.1038727746463004,-0.3404234510013894,0,0,-0.49388662129815225,0,0.7904549776041343,-0.19291637658331837,0,1,0,0,0,0,0,0,0,0,1,0,0,0,0,0,0,0,0,0,0,0,0,1,0,0,1,0
1,-0.3535441436715893,-0.44060025647429985,0,0,-0.49388662129815225,1,0.6741992098226459,-0.18254437871960985,0,1,0,0,0,0,0,0,0,0,0,1,0,0,0,0,0,0,0,0,1,0,0,0,0,0,1,0
0,1.1541285304503655,0.8302995144506837,1,1,0.9466160241547917,1,-1.0696373068996794,-0.1954133390319889,0,1,0,0,0,0,0,0,0,0,0,0,0,1,0,0,0,0,0,0,1,0,0,0,0,0,1,0
1,1.355151553666626,-0.5407770619472103,0,0,-0.49388662129815225,0,-1.0696373068996794,-0.1954133390319889,0,1,0,0,0,1,0,0,0,0,0,0,0,0,0,0,0,0,0,0,1,0,0,0,0,0,1,0
0,-0.253032632063459,0.23222903401539735,1,0,-0.49388662129815225,1,0.6741992098226459,-0.1954133390319889,0,1,0,0,1,0,0,0,0,0,0,0,0,0,0,0,0,0,0,0,1,0,0,0,0,0,1,0
0,0.5510594608015836,-0.21632382631106742,1,1,-0.2881005290905888,0,-0.1395911646477726,-0.15046801495591877,0,1,0,0,0,0,1,0,0,0,0,0,0,0,0,0,0,0,0,0,1,0,0,0,0,0,1,0
0,-0.48722445411040266,-0.5153590665287107,1,1,0.3292577475321015,0,-0.6046142357737261,-0.1954133390319889,0,1,0,0,0,1,0,0,0,0,0,0,0,0,0,0,0,0,0,0,0,1,0,0,0,1,0,0
1,-0.10226536465126349,0.6179844938961571,1,1,-0.2881005290905888,1,-0.3721027002107493,-0.1954133390319889,0,1,0,0,0,0,0,0,0,0,0,0,0,0,0,1,0,0,0,0,1,0,0,0,0,0,1,0
0,-0.6219098796652972,-0.6648766866375322,0,0,-0.49388662129815225,0,0.9067107453856226,-0.1952212649974758,0,1,0,1,0,0,0,0,0,0,0,0,0,0,0,0,0,1,0,0,0,0,0,0,0,0,1,0
1,-0.7475492691754602,0.8302995144506837,1,1,0.7408299319472283,1,1.8367568876375295,1.7253270060992132,0,1,0,0,0,0,0,0,0,0,0,1,0,0,0,0,0,0,0,0,1,0,0,0,0,0,1,0
0,1.0536170188422351,-0.365841446419889,0,1,-0.2881005290905888,0,-0.3721027002107493,-0.1952212649974758,0,1,0,0,0,0,0,0,0,0,0,1,0,0,0,0,0,0,0,0,1,0,0,0,0,0,1,0
0,-0.7555901901041105,-0.365841446419889,1,1,-0.08231443688302535,1,-0.09890164592425169,-0.09937632177542881,0,1,0,0,0,0,0,0,0,0,0,0,0,1,0,0,0,0,0,0,1,0,0,0,0,0,1,0
0,0.24952492597719264,0.08271141390657576,1,1,0.12347165532453808,0,-0.6046142357737261,-0.019089375348944546,0,1,0,0,0,0,0,0,1,0,0,0,0,0,0,0,0,0,0,0,1,0,0,0,0,0,1,0
1,1.2546400420584958,-0.5781564669744157,1,1,0.7408299319472283,0,-0.3662899118216749,-0.1954133390319889,0,1,0,0,0,0,0,0,0,0,0,0,0,0,0,0,1,0,0,0,1,0,0,0,0,0,1,0
1,-0.8561017017122409,-0.6274972816103268,0,0,-0.49388662129815225,0,1.022966513167111,-0.1954133390319889,0,1,0,0,0,0,0,0,0,0,1,0,0,0,0,0,0,0,0,0,1,0,0,0,0,0,1,0
1,0.8525939956259746,0.9050583245050945,1,0,-0.49388662129815225,1,-0.17446789498221912,-0.1954133390319889,1,0,0,0,0,0,0,0,0,0,0,1,0,0,0,0,0,0,0,0,0,0,0,1,0,0,1,0
0,-0.7555901901041105,-0.6274972816103268,0,0,-0.49388662129815225,1,0.45912603942689245,-0.1954133390319889,0,1,0,0,0,0,0,0,0,0,0,0,0,1,0,0,0,0,0,0,1,0,0,0,0,0,1,0
0,-0.8390147447388587,-0.6274972816103268,0,0,-0.49388662129815225,0,-0.3721027002107493,-0.17870289802934747,1,0,0,1,0,0,0,0,0,0,0,0,0,0,0,0,0,1,0,0,0,0,0,0,0,0,1,0
0,-0.8480607807835905,-0.14156501625665663,0,1,-0.2881005290905888,1,-0.6046142357737261,-0.19445296885942331,0,1,0,0,0,0,0,0,0,0,1,0,0,0,0,0,0,0,0,0,1,0,0,0,0,0,1,0
1,-0.45405565527971964,1.42836999488597,0,0,-0.49388662129815225,1,0.5579434420411575,-0.1954133390319889,1,0,0,0,0,0,0,0,0,0,0,1,0,0,0,0,0,0,0,0,1,0,0,0,0,0,1,0
0,-0.8892705005429239,-0.44060025647429985,0,0,-0.49388662129815225,0,-0.1395911646477726,-0.1954133390319889,0,1,0,0,0,0,0,0,0,0,0,0,0,1,0,0,0,0,0,0,1,0,0,0,0,1,0,0
1,-0.7395083482468098,-0.3165006317839779,0,0,-0.49388662129815225,0,-0.9068792320055957,-0.1954133390319889,0,1,0,0,0,0,0,0,0,1,0,0,0,0,0,0,0,0,0,0,1,0,0,0,0,1,0,0
1,-0.6721656354693624,-0.44060025647429985,1,1,-0.2881005290905888,0,0.3254319064781808,-0.1762059355806769,0,1,0,0,0,0,0,0,0,0,0,1,0,0,0,0,0,0,0,0,0,0,0,1,0,0,1,0
1,-0.45405565527971964,1.5778876149947916,1,0,-0.49388662129815225,1,1.970451020586241,-0.1954133390319889,0,1,0,0,0,0,0,0,1,0,0,0,0,0,0,0,0,0,0,0,1,0,0,0,0,0,1,0
0,-0.5877359657185329,-0.041388210783746174,1,1,0.535043839739665,0,0.20917613869669247,0.285347969354351,0,1,0,0,0,0,0,0,0,0,0,0,0,1,0,0,0,0,0,0,1,0,0,0,0,0,1,0
1,-0.4037998994756545,-0.6648766866375322,0,0,-0.49388662129815225,0,-0.023335396866284254,-0.1954133390319889,0,1,0,0,0,1,0,0,0,0,0,0,0,0,0,0,0,0,0,0,0,1,0,0,0,0,1,0
1,-0.7897641040508749,-0.017465391566334695,0,0,-0.49388662129815225,1,-0.325600393098154,-0.1954133390319889,0,1,0,0,0,0,0,0,0,0,1,0,0,0,0,0,0,0,0,0,0,0,0,1,0,0,1,0
0,1.4556630652747564,3.5216166764094723,1,1,1.1524021163623552,0,-1.0696373068996794,1.0703545484094734,0,1,0,0,0,0,0,0,0,0,0,0,0,1,0,0,0,0,0,0,0,0,0,1,0,0,1,0
1,-0.06005052977584876,1.1412961642770327,1,1,0.12347165532453808,0,0.7381398821024645,-0.13779112867805285,0,1,0,0,0,0,0,0,0,0,0,0,0,0,0,1,0,0,0,0,0,0,0,1,0,0,1,0
0,-0.7978050249795253,-0.6394586912190325,0,0,-0.49388662129815225,0,-0.2325957788729633,-0.1954133390319889,0,1,0,0,0,1,0,0,0,0,0,0,0,0,0,0,0,0,0,0,1,0,0,0,0,0,1,0
1,1.9753075802887907,-0.6648766866375322,0,0,-0.49388662129815225,1,-0.03496097364443309,-0.1954133390319889,0,1,0,0,0,1,0,0,0,0,0,0,0,0,0,0,0,0,0,0,0,1,0,0,0,0,1,0
1,-0.5545671668878499,-0.14156501625665663,1,1,-0.08231443688302535,1,-1.0696373068996794,-0.1925322285142921,0,1,0,0,0,0,0,0,0,1,0,0,0,0,0,0,0,0,0,0,1,0,0,0,0,0,1,0
1,-0.7385032331307284,-0.6529152770288265,0,0,-0.49388662129815225,0,-0.08146328075702843,-0.1610320868541404,1,0,0,0,0,0,0,0,0,0,1,0,0,0,0,0,0,0,0,0,1,0,0,0,0,0,1,0
1,0.4505479491934533,2.774028575865364,1,1,0.9466160241547917,1,0.6741992098226459,-0.19445296885942331,0,1,0,0,0,0,0,0,0,0,0,0,0,1,0,0,0,0,0,0,0,0,0,1,0,0,1,0
1,-0.939526256346989,-0.6529152770288265,0,0,-0.49388662129815225,0,-0.255846932429261,-0.05673588611351611,1,0,0,0,0,0,0,0,0,0,1,0,0,0,0,0,0,0,0,0,1,0,0,0,0,0,1,0
1,-0.49627049015513436,-0.5781564669744157,0,0,-0.49388662129815225,0,0.09292037091520411,-0.19483711692844954,0,1,0,1,0,0,0,0,0,0,0,0,0,0,0,0,0,1,0,0,0,0,0,0,0,0,1,0
1,-0.9224392993736069,-0.6394586912190325,0,0,-0.49388662129815225,0,-1.0696373068996794,-0.1954133390319889,0,1,0,0,0,0,0,0,0,1,0,0,0,0,0,0,0,0,0,0,1,0,0,0,0,1,0,0
0,-0.7053344343000454,-0.5153590665287107,0,0,-0.49388662129815225,1,-0.1395911646477726,-0.1954133390319889,1,0,0,0,0,1,0,0,0,0,0,0,0,0,0,0,0,0,0,0,0,0,0,1,0,0,1,0
1,1.2546400420584958,-0.21632382631106742,1,0,-0.49388662129815225,0,-1.0696373068996794,-0.1954133390319889,1,0,0,0,1,0,0,0,0,0,0,0,0,0,0,0,0,0,0,0,1,0,0,0,0,1,0,0
1,-0.4037998994756545,-0.14156501625665663,1,1,0.535043839739665,1,-0.7208700035552144,-0.18427304503022796,0,1,0,0,0,0,0,0,0,0,0,1,0,0,0,0,0,0,0,0,1,0,0,0,0,0,1,0
1,-0.8812295796142735,-0.5901178765831214,1,1,0.12347165532453808,0,0.4416876742596692,2.706441174392231,0,1,0,0,0,0,0,0,0,1,0,0,0,0,0,0,0,0,0,0,1,0,0,0,0,0,1,0
0,-0.7475492691754602,-0.4660182518927995,0,0,-0.49388662129815225,0,0.3254319064781808,-0.1498917928523794,0,1,0,0,0,0,0,0,1,0,0,0,0,0,0,0,0,0,0,0,1,0,0,0,0,0,1,0
1,2.862824227788581,-0.6648766866375322,1,1,-0.2881005290905888,0,-0.5232351983266842,-0.1954133390319889,0,1,0,1,0,0,0,0,0,0,0,0,0,0,0,0,0,1,0,0,0,0,0,0,0,0,1,0
0,-0.6379917215225981,-0.6648766866375322,1,0,-0.49388662129815225,0,0.7904549776041343,-0.1954133390319889,1,0,0,1,0,0,0,0,0,0,0,0,0,0,0,0,0,1,0,0,0,0,0,0,0,0,1,0
1,-0.15252112045532865,-0.365841446419889,0,0,-0.49388662129815225,1,1.022966513167111,-0.0033393045188686884,1,0,0,0,0,1,0,0,0,0,0,0,0,0,0,0,0,0,0,0,1,0,0,0,0,0,1,0
0,-0.4711426122531018,-0.6648766866375322,0,0,-0.49388662129815225,0,-0.3721027002107493,-0.1954133390319889,1,0,0,0,0,0,0,0,0,0,1,0,0,0,0,0,0,0,0,0,1,0,0,0,0,0,1,0
1,-0.6550786784959802,-0.2417418217295671,1,0,-0.49388662129815225,0,1.3833593932897248,-0.15699853212936488,0,1,0,0,0,0,0,0,0,0,1,0,0,0,0,0,0,0,0,0,0,0,0,1,0,0,1,0
1,0.8525939956259746,0.5312642742330406,0,1,-0.2881005290905888,0,-0.6627421196644703,-0.19426089482491019,0,1,0,1,0,0,0,0,0,0,0,0,0,0,0,0,0,1,0,0,0,0,0,0,0,0,1,0
1,-0.8983165365876556,3.8206519166271153,1,1,3.6218352228531168,0,-1.0696373068996794,2.6856971786648143,0,1,0,0,0,0,0,0,0,0,1,0,0,0,0,0,0,0,0,0,0,1,0,0,0,0,1,0
0,-0.45405565527971964,0.08271141390657576,0,0,-0.49388662129815225,1,-1.0696373068996794,-0.19502919096296267,1,0,0,0,0,0,0,0,0,0,1,0,0,0,0,0,0,0,0,0,1,0,0,0,0,0,1,0
1,-0.3535441436715893,1.129334754668327,1,1,1.7697603929850454,0,-0.6046142357737261,-0.1954133390319889,0,1,0,0,0,0,0,0,0,0,0,0,0,1,0,0,0,0,0,0,0,0,0,1,0,0,1,0
1,-0.8309738238102083,-0.6274972816103268,1,0,-0.49388662129815225,0,-0.023335396866284254,-0.1952212649974758,1,0,0,0,0,0,0,0,1,0,0,0,0,0,0,0,0,0,0,0,1,0,0,0,0,0,1,0
1,-0.45405565527971964,-0.5153590665287107,0,0,-0.49388662129815225,0,0.953213052498218,-0.1954133390319889,0,1,0,0,0,0,0,0,0,0,0,0,0,0,0,1,0,0,0,0,0,1,0,0,0,0,1,0
1,2.762312716180451,3.8206519166271153,1,1,3.004476946230426,1,-1.0696373068996794,-0.1954133390319889,0,1,0,0,1,0,0,0,0,0,0,0,0,0,0,0,0,0,0,0,0,1,0,0,0,0,1,0
0,0.38320523641600596,1.5405082099675862,1,1,0.12347165532453808,1,-1.0696373068996794,-0.1954133390319889,0,1,0,0,0,0,0,0,0,0,0,0,0,1,0,0,0,0,0,0,1,0,0,0,0,0,1,0
0,-0.9566132133203712,0.08271141390657576,1,0,-0.49388662129815225,0,-1.0696373068996794,-0.1954133390319889,0,1,0,0,0,0,0,0,0,0,1,0,0,0,0,0,0,0,0,0,1,0,0,0,0,0,1,0
1,-0.6048229226919151,-0.5901178765831214,1,0,-0.49388662129815225,1,-0.12215279948054936,-0.1954133390319889,0,1,0,0,0,0,0,0,0,0,0,1,0,0,0,0,0,0,0,0,0,1,0,0,0,0,1,0
0,-0.03492265187381618,-0.365841446419889,0,0,-0.49388662129815225,1,0.3254319064781808,-0.1954133390319889,0,1,0,0,0,0,1,0,0,0,0,0,0,0,0,0,0,0,0,0,0,0,0,1,0,1,0,0
1,-0.4118408204043049,-0.6274972816103268,0,0,-0.49388662129815225,1,-0.6046142357737261,-0.1954133390319889,1,0,0,0,0,0,0,0,0,1,0,0,0,0,0,0,0,0,0,0,1,0,0,0,0,1,0,0
1,-0.8058459459081757,-0.6155358720016211,0,0,-0.49388662129815225,1,0.20917613869669247,-0.14720275636919575,0,1,0,0,0,0,0,0,0,0,0,0,0,1,0,0,0,0,0,0,0,0,0,1,0,0,1,0
1,0.5008037049975185,-0.6529152770288265,0,1,-0.2881005290905888,0,-0.4883584679922377,-0.1952212649974758,0,1,0,0,0,0,0,0,0,1,0,0,0,0,0,0,0,0,0,0,1,0,0,0,0,0,1,0
0,-0.7555901901041105,0.007952603852164964,1,0,-0.49388662129815225,1,-1.0696373068996794,-0.13779112867805285,0,1,0,0,0,1,0,0,0,0,0,0,0,0,0,0,0,0,0,0,0,1,0,0,0,0,1,0
0,-0.6550786784959802,-0.4032208514470944,0,0,-0.49388662129815225,1,-0.1395911646477726,-0.1954133390319889,0,1,0,0,0,0,0,0,0,0,0,1,0,0,0,0,0,0,0,0,1,0,0,0,0,0,1,0
1,-0.7897641040508749,-0.26566464094697856,1,1,1.1524021163623552,1,0.6916375749898691,0.43651023451617665,0,1,0,0,0,0,0,0,0,0,0,0,0,0,0,0,1,0,0,0,1,0,0,0,0,0,1,0
0,1.2546400420584958,-0.365841446419889,1,1,1.7697603929850454,0,-1.0696373068996794,0.3808087645073718,0,1,0,0,0,0,0,0,0,0,0,0,0,0,0,0,1,0,0,0,0,0,0,1,0,0,1,0
0,-0.5043114110837847,0.38174665412421893,0,0,-0.49388662129815225,1,0.09292037091520411,-0.16833090016563895,1,0,0,0,0,0,0,0,0,0,0,0,0,0,0,1,0,0,0,0,1,0,0,0,0,0,1,0
0,0.4505479491934533,0.23222903401539735,0,0,-0.49388662129815225,0,-1.0696373068996794,-0.1954133390319889,0,1,0,0,0,0,0,0,1,0,0,0,0,0,0,0,0,0,0,0,0,0,0,1,0,0,1,0
0,-0.730462312202078,-0.2791212267567725,1,1,-0.08231443688302535,0,0.09292037091520411,-0.1954133390319889,0,1,0,0,0,0,0,0,0,0,0,0,0,1,0,0,0,0,0,0,1,0,0,0,0,0,1,0
1,-0.6550786784959802,-0.6648766866375322,0,0,-0.49388662129815225,0,0.6741992098226459,-0.1954133390319889,0,1,0,0,0,1,0,0,0,0,0,0,0,0,0,0,0,0,0,0,0,1,0,0,0,1,0,0
1,-0.8390147447388587,-0.6274972816103268,0,0,-0.49388662129815225,0,0.3254319064781808,-0.1952212649974758,1,0,0,0,0,0,0,0,0,0,0,0,0,0,0,1,0,0,0,0,0,0,0,1,0,0,1,0
1,1.5561745768828867,1.727405235103613,1,0,-0.49388662129815225,1,-0.9301303855618934,0.19411280296061892,0,1,0,0,0,0,1,0,0,0,0,0,0,0,0,0,0,0,0,0,0,0,0,1,0,0,1,0
0,-0.3455032227429389,0.0946728235152815,1,1,-0.2881005290905888,0,-0.6627421196644703,-0.1954133390319889,1,0,0,0,0,0,0,0,0,0,0,0,0,0,0,0,1,0,0,0,0,0,0,1,0,0,1,0
1,-0.15252112045532865,0.08271141390657576,1,0,-0.49388662129815225,1,1.022966513167111,-0.1954133390319889,0,1,0,0,0,0,0,0,0,1,0,0,0,0,0,0,0,0,0,0,1,0,0,0,0,0,1,0
1,-0.7807180680061432,-0.5901178765831214,0,0,-0.49388662129815225,0,0.5579434420411575,-0.1562302359913124,1,0,0,0,0,0,0,0,0,0,1,0,0,0,0,0,0,0,0,0,0,0,0,1,0,0,1,0
1,0.8867679095727389,0.6807818943418621,1,1,1.975546485192609,1,-1.0696373068996794,-0.15296497740458934,0,1,0,0,0,0,0,0,0,0,1,0,0,0,0,0,0,0,0,0,1,0,0,0,0,0,1,0
1,4.11117720196156,-0.6020792861918272,1,1,-0.2881005290905888,0,3.3480818687968776,-0.1781266759258081,0,1,0,0,0,0,0,0,0,0,0,0,0,1,0,0,0,0,0,0,0,0,0,1,0,0,1,0
0,0.24952492597719264,-0.365841446419889,1,0,-0.49388662129815225,1,-1.0696373068996794,-0.1954133390319889,0,1,0,0,0,0,1,0,0,0,0,0,0,0,0,0,0,0,0,0,1,0,0,0,0,0,1,0
1,-0.5465262459591995,-0.6529152770288265,1,0,-0.49388662129815225,1,1.2554780487300876,0.9186160611441084,0,1,0,0,0,0,0,0,0,0,0,1,0,0,0,0,0,0,0,0,1,0,0,0,0,0,1,0
1,-0.5465262459591995,-0.6529152770288265,0,0,-0.49388662129815225,0,-0.325600393098154,-0.1952212649974758,1,0,0,0,0,0,0,0,0,0,0,0,0,0,0,0,1,0,0,0,0,0,0,1,0,0,1,0
1,-0.4208868564490366,-0.6155358720016211,0,0,-0.49388662129815225,1,-1.0696373068996794,-0.09918424774091568,0,1,0,0,0,0,0,0,0,0,0,0,0,0,0,1,0,0,0,0,1,0,0,0,0,0,1,0
1,2.9633357393967117,1.42836999488597,1,1,2.7986908540228628,0,-1.0696373068996794,0.7649568335336122,0,1,0,0,0,0,0,0,0,0,1,0,0,0,0,0,0,0,0,0,1,0,0,0,0,0,1,0
1,-0.4460147343510692,-0.6648766866375322,0,0,-0.49388662129815225,0,-1.0696373068996794,-0.0033393045188686884,0,1,0,1,0,0,0,0,0,0,0,0,0,0,0,0,0,1,0,0,0,0,0,0,0,0,1,0
1,-0.4711426122531018,-0.06680620620224584,1,1,1.7697603929850454,1,0.09292037091520411,0.3808087645073718,0,1,0,0,0,0,0,0,0,0,1,0,0,0,0,0,0,0,0,0,1,0,0,0,0,0,1,0
1,0.21635612714650962,0.9798171345595054,0,0,-0.49388662129815225,0,1.6333092940199248,-0.16660223385502088,0,1,0,0,0,0,0,0,0,0,0,1,0,0,0,0,0,0,0,0,1,0,0,0,0,0,1,0
1,0.6184021735790309,-0.6155358720016211,0,0,-0.49388662129815225,1,-8.424330998658097e-05,-0.1954133390319889,1,0,0,0,0,1,0,0,0,0,0,0,0,0,0,0,0,0,0,0,0,1,0,0,0,0,1,0
1,1.0536170188422351,0.08271141390657576,1,0,-0.49388662129815225,0,-0.8371257713367027,-0.1954133390319889,1,0,0,0,0,0,0,0,0,0,1,0,0,0,0,0,0,0,0,0,1,0,0,0,0,1,0,0
1,-0.45405565527971964,-0.6648766866375322,1,0,-0.49388662129815225,1,0.3196191180891064,-0.15699853212936488,0,1,0,0,0,0,0,0,0,0,0,1,0,0,0,0,0,0,0,0,1,0,0,0,0,0,1,0
1,-0.7807180680061432,-0.6394586912190325,0,1,0.3292577475321015,0,0.40681094392522266,0.17913102826859553,0,1,0,0,0,0,0,0,0,1,0,0,0,0,0,0,0,0,0,0,1,0,0,0,0,0,1,0
1,0.350036437585323,0.6060230842874513,1,1,1.975546485192609,1,-0.5290479867157586,-0.1954133390319889,0,1,0,0,0,0,0,0,0,1,0,0,0,0,0,0,0,0,0,0,0,0,0,1,0,0,1,0
0,0.9611464281627552,-0.6529152770288265,0,0,-0.49388662129815225,0,0.09292037091520411,-0.0033393045188686884,0,1,0,0,0,1,0,0,0,0,0,0,0,0,0,0,0,0,0,0,1,0,0,0,0,0,1,0
1,-0.30328838786752416,2.0264404753212566,1,0,-0.49388662129815225,1,-0.47673289121408885,-0.07267803097810509,0,1,0,0,0,0,0,0,0,0,0,0,0,1,0,0,0,0,0,0,0,0,0,1,0,0,1,0
1,1.0616579397708854,-0.6529152770288265,1,1,1.3581882085699186,0,-0.7208700035552144,-0.11935202136479331,0,1,0,0,0,0,0,0,0,0,0,0,0,0,0,0,1,0,0,0,1,0,0,0,0,0,1,0
0,1.7571976000991476,0.8302995144506837,1,1,-0.08231443688302535,0,-1.0696373068996794,0.7649568335336122,0,1,0,0,0,0,0,0,0,0,0,0,0,1,0,0,0,0,0,0,0,0,0,1,0,0,1,0
0,-0.8641426226408914,-0.5407770619472103,1,1,1.7697603929850454,1,1.4879895842930644,-0.19426089482491019,0,1,0,0,0,0,0,0,0,0,0,0,0,0,0,1,0,0,0,0,0,0,0,1,0,0,1,0
0,-0.9566132133203712,-0.6648766866375322,0,0,-0.49388662129815225,0,-1.0696373068996794,-0.1954133390319889,1,0,0,1,0,0,0,0,0,0,0,0,0,0,0,0,0,1,0,0,0,0,0,0,0,0,1,0
1,-0.45405565527971964,2.3254757155388996,0,0,-0.49388662129815225,1,0.09292037091520411,-0.1954133390319889,1,0,0,0,0,1,0,0,0,0,0,0,0,0,0,0,0,0,0,0,0,0,0,1,0,1,0,0
1,-0.6299508005939477,-0.21632382631106742,1,1,1.563974300777482,0,0.011541333468162255,0.7073346231796762,0,1,0,0,0,0,0,0,0,0,1,0,0,0,0,0,0,0,0,0,1,0,0,0,0,0,1,0
0,-0.5465262459591995,-0.5901178765831214,0,0,-0.49388662129815225,1,-0.023335396866284254,-0.1858096373063329,0,1,0,0,0,0,0,0,0,0,0,1,0,0,0,0,0,0,0,0,1,0,0,0,0,0,1,0
1,0.9531055072341049,-0.21632382631106742,1,0,-0.49388662129815225,0,-0.3721027002107493,0.2283019811039543,0,1,0,0,0,0,0,0,0,0,0,1,0,0,0,0,0,0,0,0,1,0,0,0,0,0,1,0
1,-0.10226536465126349,1.2788523747771483,1,1,2.7986908540228628,0,-0.38954106537797256,0.03699624272888656,0,1,0,0,0,0,0,0,0,0,1,0,0,0,0,0,0,0,0,0,0,1,0,0,0,0,1,0
1,-0.8058459459081757,-0.48994107111021096,0,0,-0.49388662129815225,0,0.3254319064781808,-0.19483711692844954,1,0,0,0,1,0,0,0,0,0,0,0,0,0,0,0,0,0,0,0,1,0,0,0,0,0,1,0
1,-0.906357457516306,-0.6648766866375322,1,0,-0.49388662129815225,1,-1.0696373068996794,-0.1954133390319889,0,1,0,0,0,1,0,0,0,0,0,0,0,0,0,0,0,0,0,0,0,1,0,0,0,0,1,0
1,-0.6128638436205656,-0.6155358720016211,0,0,-0.49388662129815225,0,1.2554780487300876,-0.1954133390319889,1,0,0,0,0,0,0,0,0,1,0,0,0,0,0,0,0,0,0,0,1,0,0,0,0,1,0,0
1,-0.8721835435695418,-0.6020792861918272,1,1,0.7408299319472283,0,0.20917613869669247,-0.01332715431355094,0,1,0,0,0,0,0,0,0,0,1,0,0,0,0,0,0,0,0,0,0,0,0,1,0,0,1,0
1,0.5510594608015836,-0.2417418217295671,1,1,-0.2881005290905888,0,-0.6046142357737261,1.6869121991965892,0,1,0,0,0,0,0,0,1,0,0,0,0,0,0,0,0,0,0,0,1,0,0,0,0,0,1,0
0,-0.7053344343000454,-0.6648766866375322,0,0,-0.49388662129815225,0,-1.0696373068996794,-0.1954133390319889,0,1,0,0,0,0,0,0,0,0,1,0,0,0,0,0,0,0,0,0,1,0,0,0,0,0,1,0
0,-0.3535441436715893,0.1694316335696923,0,1,-0.2881005290905888,1,0.5579434420411575,-0.19349259868685773,0,1,0,0,0,0,0,0,0,1,0,0,0,0,0,0,0,0,0,0,1,0,0,0,0,0,1,0
1,-0.7978050249795253,-0.4660182518927995,0,0,-0.49388662129815225,0,-0.1395911646477726,-0.1954133390319889,1,0,0,0,0,0,0,0,0,0,0,0,0,0,0,1,0,0,0,0,1,0,0,0,0,0,1,0
1,0.07362978066296458,0.755540704396273,1,1,-0.08231443688302535,0,1.371733816511576,-0.19406882079039708,0,1,0,0,0,0,0,0,0,0,0,0,0,0,0,0,1,0,0,0,1,0,0,0,0,0,1,0
1,-0.5043114110837847,-0.5153590665287107,0,0,-0.49388662129815225,1,2.6505472621079478,0.572882799020492,0,1,0,0,0,1,0,0,0,0,0,0,0,0,0,0,0,0,0,0,0,1,0,0,0,0,1,0
0,0.9028497514300398,-0.30304404597418394,1,1,0.3292577475321015,0,-0.7208700035552144,-0.09169336039490399,0,1,0,0,0,0,0,0,0,0,0,0,0,1,0,0,0,0,0,0,1,0,0,0,0,0,1,0
0,0.22439704807516006,0.2830650248523967,1,1,1.563974300777482,0,-0.3721027002107493,-0.14835520057627447,0,1,0,0,0,0,0,0,0,0,0,0,0,1,0,0,0,0,0,0,1,0,0,0,0,0,1,0
1,-0.5967820017632647,-0.5033976569200049,0,0,-0.49388662129815225,1,-0.27909808598555863,-0.1952212649974758,0,1,0,0,0,0,0,0,0,0,1,0,0,0,0,0,0,0,0,0,1,0,0,0,0,0,1,0
1,0.048501902760932,2.6245109557565427,1,0,-0.49388662129815225,1,-0.6627421196644703,-0.1954133390319889,0,1,0,0,0,0,0,0,0,0,0,1,0,0,0,0,0,0,0,0,1,0,0,0,0,0,1,0
1,-0.5123523320124352,0.5312642742330406,1,0,-0.49388662129815225,0,0.023166910246311092,-0.1954133390319889,1,0,0,0,0,0,0,0,1,0,0,0,0,0,0,0,0,0,0,0,1,0,0,0,0,0,1,0
0,-0.6219098796652972,0.0572934184880761,1,0,-0.49388662129815225,1,1.4879895842930644,-0.1954133390319889,0,1,0,0,0,0,0,0,0,0,0,0,0,1,0,0,0,0,0,0,1,0,0,0,0,0,1,0
1,-0.3203753448409063,-0.6155358720016211,0,0,-0.49388662129815225,0,-0.1395911646477726,0.007800989482892285,1,0,0,0,0,0,0,0,0,0,1,0,0,0,0,0,0,0,0,0,1,0,0,0,0,0,1,0
0,-0.7475492691754602,-0.5153590665287107,1,1,0.12347165532453808,0,-0.023335396866284254,-0.16717845595856023,1,0,0,1,0,0,0,0,0,0,0,0,0,0,0,0,0,1,0,0,0,0,0,0,0,0,1,0
1,-0.8480607807835905,-0.365841446419889,0,0,-0.49388662129815225,1,-0.3721027002107493,-0.1952212649974758,0,1,0,0,0,0,0,0,0,1,0,0,0,0,0,0,0,0,0,0,1,0,0,0,0,0,1,0
1,-0.6048229226919151,-0.6529152770288265,1,0,-0.49388662129815225,1,1.2147885300065668,-0.1954133390319889,1,0,0,0,0,0,0,0,0,0,0,0,1,0,0,0,0,0,0,0,0,0,0,1,0,0,1,0
1,-0.2027768762593938,-0.365841446419889,0,0,-0.49388662129815225,0,-0.4883584679922377,-0.19502919096296267,0,1,0,0,0,1,0,0,0,0,0,0,0,0,0,0,0,0,0,0,0,1,0,0,0,0,1,0
0,-0.253032632063459,-0.41518226105580014,1,0,-0.49388662129815225,0,0.5579434420411575,-0.1954133390319889,0,1,0,0,0,0,0,0,0,0,0,1,0,0,0,0,0,0,0,0,1,0,0,0,0,1,0,0
1,-0.8480607807835905,-0.6155358720016211,0,1,-0.2881005290905888,0,0.5114411349285622,-0.11013246770816354,0,1,0,0,0,0,0,0,0,0,0,1,0,0,0,0,0,0,0,0,1,0,0,0,0,0,1,0
1,1.1119136955749507,-0.5407770619472103,0,0,-0.49388662129815225,0,-0.6046142357737261,-0.1954133390319889,0,1,0,1,0,0,0,0,0,0,0,0,0,0,0,0,0,1,0,0,0,0,0,0,0,0,1,0
1,-0.7224213912734275,0.08271141390657576,1,1,-0.2881005290905888,0,-0.023335396866284254,-0.19157185834172652,1,0,0,0,0,0,1,0,0,0,0,0,0,0,0,0,0,0,0,0,1,0,0,0,0,0,1,0
1,-0.7053344343000454,-0.5901178765831214,0,0,-0.49388662129815225,0,-0.4302305841014935,-0.1954133390319889,0,1,0,0,0,0,0,0,0,0,1,0,0,0,0,0,0,0,0,0,1,0,0,0,0,0,1,0
1,-0.1354341634819465,-0.5407770619472103,0,0,-0.49388662129815225,1,-0.3721027002107493,-0.1954133390319889,0,1,0,0,0,1,0,0,0,0,0,0,0,0,0,0,0,0,0,0,0,0,0,1,0,0,1,0
1,-0.5545671668878499,-0.44060025647429985,0,0,-0.49388662129815225,1,-0.6046142357737261,-0.1954133390319889,0,1,0,0,1,0,0,0,0,0,0,0,0,0,0,0,0,0,0,0,1,0,0,0,0,0,1,0
1,-0.253032632063459,0.38174665412421893,1,0,-0.49388662129815225,0,0.26730402258743663,-0.1954133390319889,0,1,0,0,0,0,0,0,1,0,0,0,0,0,0,0,0,0,0,0,1,0,0,0,0,1,0,0
1,-0.4037998994756545,0.6807818943418621,0,0,-0.49388662129815225,0,-0.1395911646477726,-0.1906114881691609,0,1,0,1,0,0,0,0,0,0,0,0,0,0,0,0,0,1,0,0,0,0,0,0,0,0,1,0
0,-0.5465262459591995,-0.6274972816103268,1,1,4.239193499475807,1,1.5751814101291806,0.04199016762622768,1,0,0,0,0,0,0,0,0,0,0,0,0,1,0,0,0,0,0,0,0,0,0,1,0,0,1,0
1,4.094090244988178,-0.17894442128386204,1,1,-0.2881005290905888,1,1.9239487134736457,-0.09937632177542881,0,1,0,0,0,0,0,0,0,0,0,0,0,0,0,0,1,0,0,0,0,0,0,1,0,0,1,0
1,1.4556630652747564,-0.041388210783746174,0,0,-0.49388662129815225,0,-0.6046142357737261,-0.1954133390319889,0,1,0,0,0,0,0,0,0,0,1,0,0,0,0,0,0,0,0,0,1,0,0,0,0,1,0,0
1,0.048501902760932,-0.552738471555916,1,1,-0.08231443688302535,0,-1.0696373068996794,-0.18811452572049034,0,1,0,0,0,0,0,0,0,0,0,0,0,1,0,0,0,0,0,0,1,0,0,0,0,0,1,0
1,-0.8561017017122409,-0.6394586912190325,0,0,-0.49388662129815225,1,0.39518536714707386,-0.1954133390319889,0,1,0,0,1,0,0,0,0,0,0,0,0,0,0,0,0,0,0,0,0,0,0,1,0,1,0,0
0,-0.8058459459081757,-0.4271436706645059,1,1,0.535043839739665,1,-0.255846932429261,-0.19445296885942331,0,1,0,0,0,0,0,0,0,0,1,0,0,0,0,0,0,0,0,0,1,0,0,0,0,0,1,0
1,-0.7887589889347936,-0.3165006317839779,0,0,-0.49388662129815225,0,-0.4883584679922377,-0.1954133390319889,0,1,0,0,0,0,0,0,0,0,0,0,0,0,0,1,0,0,0,0,1,0,0,0,0,0,1,0
1,-0.6550786784959802,-0.21632382631106742,1,0,-0.49388662129815225,1,-1.0696373068996794,-0.15219668126653688,1,0,0,0,0,0,0,0,0,0,1,0,0,0,0,0,0,0,0,0,1,0,0,0,0,0,1,0
1,0.9199367084034221,1.0291579491954164,1,1,0.7408299319472283,0,1.1450350693376738,-0.16314490123378472,0,1,0,0,0,0,0,0,0,0,0,0,0,1,0,0,0,0,0,0,0,0,0,1,0,0,1,0
1,-0.7555901901041105,-0.14156501625665663,1,0,-0.49388662129815225,1,0.5579434420411575,-0.1954133390319889,0,1,0,0,0,0,0,0,0,0,0,0,0,1,0,0,0,0,0,0,1,0,0,0,0,0,1,0
1,-0.3203753448409063,-0.5407770619472103,0,1,-0.2881005290905888,1,0.5579434420411575,-0.1800474162709393,1,0,0,0,0,0,1,0,0,0,0,0,0,0,0,0,0,0,0,0,1,0,0,0,0,0,1,0
1,1.6566860884910173,-0.6648766866375322,0,0,-0.49388662129815225,1,-0.255846932429261,0.017788839277574537,0,1,0,0,0,0,0,0,0,0,0,0,1,0,0,0,0,0,1,0,0,0,0,0,0,0,1,0
1,0.40029219338938815,0.12009081893378117,1,1,1.7697603929850454,1,-1.0696373068996794,-0.14086431323026277,0,1,0,0,0,0,0,0,0,0,1,0,0,0,0,0,0,0,0,0,0,0,0,1,0,0,1,0
1,-0.8812295796142735,-0.4032208514470944,1,0,-0.49388662129815225,1,4.32463031816138,-0.1954133390319889,0,1,0,0,1,0,0,0,0,0,0,0,0,0,0,0,0,0,0,0,1,0,0,0,0,1,0,0
0,1.5561745768828867,-0.365841446419889,0,0,-0.49388662129815225,1,-0.023335396866284254,0.008569285620944765,0,1,0,0,1,0,0,0,0,0,0,0,0,0,0,0,0,0,0,0,1,0,0,0,0,0,1,0
1,-0.3203753448409063,0.2815698486513085,1,1,0.12347165532453808,1,1.1392222809485992,-0.1954133390319889,1,0,0,0,0,0,0,0,0,0,0,0,0,0,0,0,1,0,0,0,1,0,0,0,0,0,1,0
1,-0.6299508005939477,-0.21632382631106742,0,0,-0.49388662129815225,0,-1.0696373068996794,-0.13471794412584293,0,1,0,0,0,0,0,0,0,0,1,0,0,0,0,0,0,0,0,0,1,0,0,0,0,0,1,0
0,-0.9566132133203712,-0.6648766866375322,0,0,-0.49388662129815225,0,-0.5697375054392795,-0.1954133390319889,1,0,0,0,0,0,0,1,0,0,0,0,0,0,0,0,0,1,0,0,0,0,0,0,0,0,1,0
1,-0.8229329028815578,-0.6155358720016211,0,0,-0.49388662129815225,0,-0.4883584679922377,-0.1954133390319889,0,1,0,0,0,0,0,0,0,0,1,0,0,0,0,0,0,0,0,0,1,0,0,0,0,0,1,0
1,-0.4118408204043049,0.9050583245050945,1,1,-0.2881005290905888,0,0.1568610431950227,-0.1954133390319889,1,0,0,0,0,0,0,0,0,0,0,0,0,0,0,1,0,0,0,0,1,0,0,0,0,0,1,0
0,-0.873188658685623,-0.5646998811646218,0,0,-0.49388662129815225,1,-0.2325957788729633,-0.1954133390319889,0,1,0,0,0,1,0,0,0,0,0,0,0,0,0,0,0,0,0,0,1,0,0,0,0,1,0,0
1,-0.8480607807835905,-0.5153590665287107,1,1,0.12347165532453808,0,0.09292037091520411,-0.0033393045188686884,1,0,0,0,0,0,0,0,1,0,0,0,0,0,0,0,0,0,0,0,1,0,0,0,0,0,1,0
0,0.7852512828485271,-0.2417418217295671,1,0,-0.49388662129815225,0,-0.1395911646477726,-0.16660223385502088,0,1,0,0,0,0,0,0,1,0,0,0,0,0,0,0,0,0,0,0,1,0,0,0,0,0,1,0
1,-0.9566132133203712,-0.5153590665287107,0,0,-0.49388662129815225,0,-0.2325957788729633,-0.1954133390319889,0,1,0,0,1,0,0,0,0,0,0,0,0,0,0,0,0,0,0,0,1,0,0,0,0,0,1,0
1,-0.15252112045532865,-0.6394586912190325,0,0,-0.49388662129815225,1,1.3194187210099062,-0.1954133390319889,1,0,0,0,0,1,0,0,0,0,0,0,0,0,0,0,0,0,0,0,1,0,0,0,0,0,1,0
1,-0.052009608847198324,0.08271141390657576,0,0,-0.49388662129815225,0,0.09292037091520411,0.03699624272888656,1,0,0,0,0,0,0,0,0,0,1,0,0,0,0,0,0,0,0,0,0,1,0,0,0,0,1,0
0,-0.7053344343000454,-0.6648766866375322,1,0,-0.49388662129815225,0,-0.6046142357737261,-0.1954133390319889,0,1,0,1,0,0,0,0,0,0,0,0,0,0,0,0,0,1,0,0,0,0,0,0,0,0,1,0
0,-0.6550786784959802,-0.5901178765831214,0,0,-0.49388662129815225,1,1.092719973836004,-0.17198030682138823,0,1,0,0,0,0,0,0,0,0,1,0,0,0,0,0,0,0,0,0,1,0,0,0,0,0,1,0
1,-0.06005052977584876,-0.5901178765831214,0,0,-0.49388662129815225,0,-0.6046142357737261,-0.1954133390319889,0,1,0,0,0,0,0,0,0,0,1,0,0,0,0,0,0,0,0,0,1,0,0,0,0,1,0,0
0,0.14901341436906232,-0.6274972816103268,1,0,-0.49388662129815225,1,0.2556784458092878,-0.1954133390319889,0,1,0,0,0,0,0,0,0,0,0,0,0,1,0,0,0,0,0,0,1,0,0,0,0,0,1,0
1,-0.4460147343510692,0.10812940932507542,1,0,-0.49388662129815225,0,-1.0696373068996794,-0.1954133390319889,1,0,0,0,0,0,0,0,0,0,1,0,0,0,0,0,0,0,0,0,0,0,0,1,0,0,1,0
0,1.0958318537176501,-0.6648766866375322,0,0,-0.49388662129815225,0,-1.0696373068996794,-0.1858096373063329,0,1,0,1,0,0,0,0,0,0,0,0,0,0,0,0,0,1,0,0,0,0,0,0,0,0,1,0
1,1.523005778052204,-0.19090583089256777,1,0,-0.49388662129815225,1,-0.3721027002107493,-0.1954133390319889,0,1,0,0,0,0,0,0,0,0,0,0,0,1,0,0,0,0,0,0,0,0,0,1,0,0,1,0
0,-0.8561017017122409,-0.4032208514470944,1,0,-0.49388662129815225,1,1.7844417921358597,-0.1954133390319889,0,1,0,0,0,0,0,0,0,0,1,0,0,0,0,0,0,0,0,0,0,0,0,1,0,0,1,0
1,1.5561745768828867,-0.2910826363654782,0,0,-0.49388662129815225,1,-1.0696373068996794,-0.19214808044526588,1,0,0,0,0,0,1,0,0,0,0,0,0,0,0,0,0,0,0,0,0,0,0,1,0,0,1,0
0,0.28269372480787563,-0.6155358720016211,0,0,-0.49388662129815225,0,0.20917613869669247,-0.0033393045188686884,0,1,0,0,0,0,0,0,1,0,0,0,0,0,0,0,0,0,0,0,1,0,0,0,0,0,1,0
1,-0.8058459459081757,-0.5153590665287107,1,0,-0.49388662129815225,1,0.7904549776041343,-0.1954133390319889,0,1,0,0,0,0,0,0,0,1,0,0,0,0,0,0,0,0,0,0,1,0,0,0,0,1,0,0
1,-0.8983165365876556,-0.21632382631106742,0,0,-0.49388662129815225,1,-0.1395911646477726,-0.1954133390319889,1,0,0,0,0,0,0,0,0,0,1,0,0,0,0,0,0,0,0,0,1,0,0,0,0,0,1,0
1,-0.9154034935610378,-0.5901178765831214,1,1,1.7697603929850454,0,1.1392222809485992,0.32933292325785557,1,0,0,0,0,0,1,0,0,0,0,0,0,0,0,0,0,0,0,0,1,0,0,0,0,0,1,0
1,-0.9566132133203712,-0.5153590665287107,0,0,-0.49388662129815225,1,-1.0696373068996794,-0.1954133390319889,0,1,0,0,0,0,0,0,0,0,1,0,0,0,0,0,0,0,0,0,1,0,0,0,0,1,0,0
1,2.3602666697479298,0.5312642742330406,1,0,-0.49388662129815225,0,-0.6046142357737261,-0.1954133390319889,1,0,0,0,0,0,0,0,0,0,1,0,0,0,0,0,0,0,0,0,1,0,0,0,0,0,1,0
0,1.3722385106400086,-0.6529152770288265,1,0,-0.49388662129815225,0,-0.6046142357737261,0.06369453352621027,0,1,0,0,0,0,0,0,0,0,0,0,0,0,0,1,0,0,0,0,1,0,0,0,0,0,1,0
0,-0.6882474773266632,-0.5646998811646218,0,0,-0.49388662129815225,0,-1.0696373068996794,-0.1723644548904145,0,1,0,0,0,1,0,0,0,0,0,0,0,0,0,0,0,0,0,0,0,0,1,0,0,0,1,0
1,-0.8983165365876556,-0.14156501625665663,1,1,1.1524021163623552,0,-0.4883584679922377,-0.12338557608956884,1,0,0,0,0,0,0,0,0,0,0,0,0,0,0,1,0,0,0,0,0,0,0,1,0,0,1,0
1,1.1541285304503655,1.2788523747771483,1,0,-0.49388662129815225,0,-1.0696373068996794,-0.1954133390319889,0,1,0,0,0,0,0,0,0,0,0,0,0,0,0,0,1,0,0,0,1,0,0,0,0,0,1,0
1,-0.873188658685623,-0.6274972816103268,0,0,-0.49388662129815225,0,-1.0696373068996794,-0.18696208151341162,0,1,0,0,0,0,0,0,0,0,1,0,0,0,0,0,0,0,0,0,1,0,0,0,0,0,1,0
0,0.9611464281627552,-0.6394586912190325,1,0,-0.49388662129815225,0,-0.4883584679922377,-0.1954133390319889,0,1,0,0,0,0,0,0,1,0,0,0,0,0,0,0,0,0,0,0,1,0,0,0,0,0,1,0
0,1.9582206233154082,0.257647029433897,1,1,-0.2881005290905888,0,-0.3721027002107493,-0.1933005246523446,0,1,0,0,0,0,0,0,0,0,0,0,0,0,0,0,1,0,0,0,0,0,0,1,0,0,1,0
1,-0.9485722923917208,-0.6529152770288265,0,1,-0.2881005290905888,0,2.1855241909819947,-0.1954133390319889,0,1,0,0,0,0,0,0,0,0,0,0,1,0,0,0,0,0,0,0,1,0,0,0,0,1,0,0
